INFLATION EXPECTATIONS; YEAR-ON-YEAR CHANGE IN HICP,,,,,,,,,,,,,,,,,,,,,,,
TARGET_PERIOD,FCT_SOURCE,POINT,TN1_0,FN1_0TN0_6,FN0_5TN0_1,F0_0T0_4,F0_5T0_9,F1_0T1_4,F1_5T1_9,F2_0T2_4,F2_5T2_9,F3_0T3_4,F3_5T3_9,F4_0,,,,,,,,,
2018,1,1.6,,,,0,0,5,90,5,0,,,,,,,,,,,,
2018,2,1.8,0,0,0,0,0,0,100,0,0,0,0,0,,,,,,,,,
2018,4,1.8,,,,,,2.5,95,2.5,,,,,,,,,,,,,
2018,5,1.6,,,,,,20,80,,,,,,,,,,,,,,
2018,6,1.8,,,,,,30,60,10,,,,,,,,,,,,,
2018,7,1.7,,,,,,,,,,,,,,,,,,,,,
2018,15,1.7,,,,,,,100,,,,,,,,,,,,,,
2018,16,1.8,0,0,0,2,6,15,40,20,8,5,3,1,,,,,,,,,
2018,20,1.7,,,,,0,25,75,0,,,,,,,,,,,,,
2018,22,1.8,,,,,,,65,35,,,,,,,,,,,,,
2018,23,1.8,,,,,,10,75,15,,,,,,,,,,,,,
2018,24,1.8206781526,,,,0,5,22,36,26,11,,,,,,,,,,,,
2018,26,1.8,,,,,,10,80,10,,,,,,,,,,,,,
2018,29,1.8,,,,,,10,60,30,,,,,,,,,,,,,
2018,30,1.7,,,,,,15,65,20,,,,,,,,,,,,,
2018,32,1.7,0,0,0,0,0,.8186526536,98.318915531,.8624318154,0,0,0,0,,,,,,,,,
2018,33,1.7,0,0,0,0,7,20,53,16,4,0,0,0,,,,,,,,,
2018,35,,,,,,,,80,20,,,,,,,,,,,,,
2018,36,1.8,,,,,,10,80,10,,,,,,,,,,,,,
2018,37,1.8,,,,,,,99,1,,,,,,,,,,,,,
2018,38,1.7,,,,,,,100,,,,,,,,,,,,,,
2018,39,1.8,,,,,,,90,10,,,,,,,,,,,,,
2018,41,1.7,,,,,,,70,30,,,,,,,,,,,,,
2018,45,1.7884578243,,,,,,,,,,,,,,,,,,,,,
2018,47,1.8,,,,,,5,75,15,5,,,,,,,,,,,,
2018,48,1.7,,,,,,,90,10,,,,,,,,,,,,,
2018,49,1.7,,,,,,,,,,,,,,,,,,,,,
2018,56,1.8,,,,,,10,80,10,,,,,,,,,,,,,
2018,61,1.7,,,,,,20,65,15,,,,,,,,,,,,,
2018,67,,,,,,,,,,,,,,,,,,,,,,
2018,68,1.7,,,,,,,,,,,,,,,,,,,,,
2018,80,1.79,0,0,0,0,0,2.13371266,87.9089615932,9.9573257468,0,0,0,0,,,,,,,,,
2018,82,1.8,,,,,,,,,,,,,,,,,,,,,
2018,85,1.710273028,0,0,0,0,.0001827167,3.8113459916,82.2736479119,13.9107712693,.00405211,.0000000005,0,0,,,,,,,,,
2018,88,1.7,3.6,4.6,7.2,8.8,10.4,12,11.2,11,10.2,9.2,6.4,5.4,,,,,,,,,
2018,89,1.7,,,.5,1,8,28,38,20.5,1.5,1.5,1,,,,,,,,,,
2018,93,1.7,,,,,,10,80,10,,,,,,,,,,,,,
2018,94,1.8,,,,.5,1,2,80,12.5,2.5,1,.5,,,,,,,,,,
2018,95,1.6860299447,.4317376857,1.6236911477,7.1347022643,4.8603598101,13.2044537516,15.9462799876,20.6579898246,10.3674642605,8.8357321185,7.0882866175,5.629796029,4.2195065029,,,,,,,,,
2018,96,1.7,,,,,5,15,45,30,5,,,,,,,,,,,,
2018,97,1.7,,,,,,,,,,,,,,,,,,,,,
2018,98,1.7,,,,,,30,65,5,,,,,,,,,,,,,
2018,99,1.7,,,,,,10,80,10,,,,,,,,,,,,,
2018,101,1.8,,,,,,5,80,15,,,,,,,,,,,,,
2018,102,1.8,,,,,,,,,,,,,,,,,,,,,
2018,103,1.7,,,,,,15,80,5,,,,,,,,,,,,,
2018,108,1.7622375,,,,,,7,90,3,,,,,,,,,,,,,
2018,110,1.7,0,0,0,0,0,.045766956,98.5997458261,1.3544872179,0,0,0,0,,,,,,,,,
2018,111,1.8,,,,,,,,,,,,,,,,,,,,,
2018,112,1.7,,,,,10,20,35,20,10,5,,,,,,,,,,,
2018,114,1.8,,,,,2,15,50,30,3,,,,,,,,,,,,
2018,115,1.8,.1540135763,.4053248178,1.6711910434,4.7157248406,10.1262567766,16.5494880728,20.5869982354,19.4935680873,14.0499646391,7.707602426,3.217939991,1.3219274937,,,,,,,,,
2018,116,1.8,0,0,0,2.5,10,25,40,20,2.5,0,0,0,,,,,,,,,
2018,118,1.7727495,,,,,,,,,,,,,,,,,,,,,
2019,1,1.8,,,1,2,7,26,50,10,4,,,,,,,,,,,,
2019,2,1.5,0,0,0,0,0,40,60,0,0,0,0,0,,,,,,,,,
2019,4,1.7,,,,,5,20,50,20,5,,,,,,,,,,,,
2019,5,1.675,,,,2.5,5,25,40,20,5,2.5,,,,,,,,,,,
2019,6,2,,,,,,,40,50,10,,,,,,,,,,,,
2019,7,1.6,,,,,,,,,,,,,,,,,,,,,
2019,15,1.8,,,,,10,15,30,30,15,,,,,,,,,,,,
2019,16,1.7,0,0,1,2,10,21,36,19,8,2,1,0,,,,,,,,,
2019,20,1.7,,,,,5,35,45,15,,,,,,,,,,,,,
2019,22,1.8,,,,,10,20,50,20,,,,,,,,,,,,,
2019,23,1.7,,,1,3,14,20,27,20,14,1,,,,,,,,,,,
2019,24,1.9520906544,,,2,5,8,10,20,24,21,6,4,,,,,,,,,,
2019,26,1.8,,,,5,10,15,30,25,10,5,,,,,,,,,,,
2019,29,1.8,,,,,,10,60,30,,,,,,,,,,,,,
2019,30,1.7,,,,,,10,70,20,,,,,,,,,,,,,
2019,32,1.7,.0000120603,.0008278961,.0399615463,.7951228754,6.7075128696,24.0144347516,36.7481293498,24.0960210522,6.7532979926,.8035956481,.0402367164,.0008472416,,,,,,,,,
2019,33,1.8,0,0,0,1,4,17,40,22,12,4,0,0,,,,,,,,,
2019,35,,,,,,,,,,,,,,,,,,,,,,
2019,36,2,,,,,,10,30,50,10,,,,,,,,,,,,
2019,37,2,,,,,,1,44,48,7,,,,,,,,,,,,
2019,38,1.8,,,,,,10,70,20,,,,,,,,,,,,,
2019,39,1.9,,,,,,13,52,30,5,,,,,,,,,,,,
2019,41,1.8,,,,,,10,70,20,,,,,,,,,,,,,
2019,45,1.71790106,,,,,,,,,,,,,,,,,,,,,
2019,47,1.9,,,,,5,20,35,25,10,5,,,,,,,,,,,
2019,48,1.6,,,,,,10,80,10,,,,,,,,,,,,,
2019,49,1.4,,,,,,,,,,,,,,,,,,,,,
2019,56,1.9,,,,,,20,60,20,,,,,,,,,,,,,
2019,61,1.8,,,,,5,15,50,20,10,,,,,,,,,,,,
2019,67,,,,,,,,,,,,,,,,,,,,,,
2019,68,1.7,,,,,,,,,,,,,,,,,,,,,
2019,80,1.63,0,.1422475107,.2844950213,3.9829302987,16.2162162162,23.3285917496,25.6045519204,16.5007112376,9.5305832148,2.987197724,1.4224751067,0,,,,,,,,,
2019,82,1.7,,,,,,,,,,,,,,,,,,,,,
2019,85,1.6965146521,.0000001962,.0000664544,.0077077643,.3093734725,4.3612185296,21.9450875677,39.9581933151,26.4883142793,6.3656367571,.5476305418,.0165960018,.0001751202,,,,,,,,,
2019,88,1.8,3.5,4.5,7,8.5,10,11.5,11,11,10.5,9.5,7,6,,,,,,,,,
2019,89,1.7,,,0,1,7.5,22,38,21,7.5,2,1,,,,,,,,,,
2019,93,1.7,,,,,,15,65,20,,,,,,,,,,,,,
2019,94,1.7,,.5,1,2,4,14,58,12,5,2,1,.5,,,,,,,,,
2019,95,1.7431377038,.4614942513,1.100599403,3.2860922918,3.7204179558,9.4400250235,13.4794417947,24.9166930114,21.0945190235,15.7663820466,6.208030796,.3833401527,.1429642497,,,,,,,,,
2019,96,1.7,,,,5,10,25,35,15,7,3,,,,,,,,,,,
2019,97,1.5,,,,,,,,,,,,,,,,,,,,,
2019,98,1.9,,,,,,20,55,20,5,,,,,,,,,,,,
2019,99,1.5,,,,,,40,60,,,,,,,,,,,,,,
2019,101,1.9,,,,,,10,45,40,5,,,,,,,,,,,,
2019,102,1.4,,,,,,,,,,,,,,,,,,,,,
2019,103,1.7,,,,,5,15,55,20,5,,,,,,,,,,,,
2019,108,1.895405,,,,,3,12,37,33,11,4,,,,,,,,,,,
2019,110,1.8,.0008889113,.0108602458,.1679130111,1.4157628811,6.794914678,18.6029579787,29.0968006679,26.0188122216,13.2993074472,3.881582662,.6457301595,.0644691358,,,,,,,,,
2019,111,,,,,,,,,,,,,,,,,,,,,,
2019,112,1.8,,,,5,10,15,30,25,10,5,,,,,,,,,,,
2019,114,2,,,,,5,10,15,45,20,5,,,,,,,,,,,
2019,115,1.6,.2996074111,.7028973997,2.6150142942,6.6151495505,12.7352773708,18.660779594,20.8129351295,17.6696351396,11.4182554464,5.6158592323,2.1019561953,.7526332366,,,,,,,,,
2019,116,1.8,0,0,0,2.5,10,25,40,20,2.5,0,0,0,,,,,,,,,
2019,118,1.7292220751,,,,,,,,,,,,,,,,,,,,,
2019Sep,1,1.8,,,1,5,10,30,50,3,1,,,,,,,,,,,,
2019Sep,2,1.5,0,0,0,0,0,30,70,0,0,0,0,0,,,,,,,,,
2019Sep,4,1.6,,,,,5,20,50,20,5,,,,,,,,,,,,
2019Sep,5,1.7,,,,2.5,5,25,35,25,5,2.5,,,,,,,,,,,
2019Sep,6,2,,,,,,,35,45,20,,,,,,,,,,,,
2019Sep,7,,,,,,,,,,,,,,,,,,,,,,
2019Sep,15,,,,,,,,,,,,,,,,,,,,,,
2019Sep,16,1.8,0,0,1,2,10,22,34,20,8,2,1,0,,,,,,,,,
2019Sep,20,1.6,,,,,10,35,40,15,,,,,,,,,,,,,
2019Sep,22,1.8,,,,,10,20,50,20,,,,,,,,,,,,,
2019Sep,23,1.6,,,1,3,14,20,27,20,14,1,,,,,,,,,,,
2019Sep,24,1.7898420048,,,2,5,10,12,23,23,19,4,2,,,,,,,,,,
2019Sep,26,1.6,,,,5,10,25,35,15,5,5,,,,,,,,,,,
2019Sep,29,1.8,,,,,,10,60,30,,,,,,,,,,,,,
2019Sep,30,1.7,,,,,,,,,,,,,,,,,,,,,
2019Sep,32,1.7,,,,,,,,,,,,,,,,,,,,,
2019Sep,33,1.9,,,,,,,,,,,,,,,,,,,,,
2019Sep,35,,,,,,,,,,,,,,,,,,,,,,
2019Sep,36,2,,,,,,10,30,50,10,,,,,,,,,,,,
2019Sep,37,1.7,,,,,,4,49,45,2,,,,,,,,,,,,
2019Sep,38,,,,,,,,,,,,,,,,,,,,,,
2019Sep,39,1.8,,,,,5,20,50,20,5,,,,,,,,,,,,
2019Sep,41,,,,,,,,,,,,,,,,,,,,,,
2019Sep,45,,,,,,,,,,,,,,,,,,,,,,
2019Sep,47,1.9,,,,,,,,,,,,,,,,,,,,,
2019Sep,48,1.5,,,,,,15,75,10,,,,,,,,,,,,,
2019Sep,49,1.2,,,,,,,,,,,,,,,,,,,,,
2019Sep,56,1.7,,,,,,20,60,20,,,,,,,,,,,,,
2019Sep,61,1.7,,,,,5,15,50,20,10,,,,,,,,,,,,
2019Sep,67,,,,,,,,,,,,,,,,,,,,,,
2019Sep,68,1.7,,,,,,,,,,,,,,,,,,,,,
2019Sep,80,,,,,,,,,,,,,,,,,,,,,,
2019Sep,82,1.5,,,,,,,,,,,,,,,,,,,,,
2019Sep,85,1.6645518411,0,.0000000002,.0000028272,.0049902356,.927473651,19.8496185683,55.7786193047,22.2572563711,1.1748443903,.0071900002,.0000046511,.0000000003,,,,,,,,,
2019Sep,88,1.7,4,5,7,9,11,12.5,12.5,11.5,10,9,5.5,3,,,,,,,,,
2019Sep,89,1.5,,,0,2,8,32,34,19,2,2,1,,,,,,,,,,
2019Sep,93,1.5,,,,,,40,55,5,,,,,,,,,,,,,
2019Sep,94,1.7,,.5,1,3,10,19,36,19,7,3,1,.5,,,,,,,,,
2019Sep,95,1.5897564348,.7765920077,1.3255040405,4.1289126884,7.5727677233,14.4578608737,11.3284104824,28.2584360055,13.8494355521,8.4457411648,4.0616251433,3.4980146237,2.2966996946,,,,,,,,,
2019Sep,96,1.7,,,,5,10,20,30,25,7,3,,,,,,,,,,,
2019Sep,97,1.2,,,,,,,,,,,,,,,,,,,,,
2019Sep,98,1.69,,,,,,20,50,25,5,,,,,,,,,,,,
2019Sep,99,1.4,,,,,,,,,,,,,,,,,,,,,
2019Sep,101,1.9,,,,,,,,,,,,,,,,,,,,,
2019Sep,102,1.2,,,,,,,,,,,,,,,,,,,,,
2019Sep,103,1.7,,,,,5,25,55,10,5,,,,,,,,,,,,
2019Sep,108,1.76393,,,,,3,17,60,16,4,,,,,,,,,,,,
2019Sep,110,1.8,.0153119702,.0833419633,.6163843152,2.8388363551,8.741531705,18.007471664,24.8263628498,22.9113178717,14.1528247861,5.8502088473,1.6174198114,.3389878609,,,,,,,,,
2019Sep,111,,,,,,,,,,,,,,,,,,,,,,
2019Sep,112,1.8,,,,5,10,20,30,20,10,5,,,,,,,,,,,
2019Sep,114,2,,,,,5,10,15,45,20,5,,,,,,,,,,,
2019Sep,115,1.4,.5593383941,1.1663897063,3.916840442,8.8829166084,15.3320605765,20.1424542728,20.1424542727,15.3320605765,8.8829166084,3.916840442,1.3142583165,.4114697838,,,,,,,,,
2019Sep,116,1.7,0,0,0,2.5,10,25,40,20,2.5,0,0,0,,,,,,,,,
2019Sep,118,1.6,,,,,,,,,,,,,,,,,,,,,
2020,1,1.8,,1,2,7,10,20,40,15,5,,,,,,,,,,,,
2020,2,1.7,0,0,0,0,0,30,50,20,0,0,0,0,,,,,,,,,
2020,4,1.5,,,5,7.5,15,20,25,20,5,2.5,,,,,,,,,,,
2020,5,1.8625,,,,2.5,5,20,30,25,10,5,2.5,,,,,,,,,,
2020,6,2.2,,,,,,,20,60,20,,,,,,,,,,,,
2020,7,,,,,,,,,,,,,,,,,,,,,,
2020,15,1.775,,,,5,10,15,30,20,15,5,,,,,,,,,,,
2020,16,1.6,1,2,7,8,9,19,25,17,8,3,1,0,,,,,,,,,
2020,20,1.7,,,,5,10,25,35,20,5,,,,,,,,,,,,
2020,22,1.9,,,,,10,20,45,25,,,,,,,,,,,,,
2020,23,1.6,,,1,8,13,19,22,17,13,6,1,,,,,,,,,,
2020,24,1.5890403398,,2,4,8,12,16,20,16,11,8,2,1,,,,,,,,,
2020,26,1.8,,,5,5,10,15,25,20,10,5,5,,,,,,,,,,
2020,29,1.8,,,,,,10,60,30,,,,,,,,,,,,,
2020,30,1.8,,,,,,10,80,10,,,,,,,,,,,,,
2020,32,1.7,.0000643893,.002669317,.0822916787,1.1588858496,7.6600886152,23.7281970571,34.6062083095,23.7996782939,7.706402643,1.1699668172,.0827923711,.0027546584,,,,,,,,,
2020,33,1.9,0,0,3,5,9,17,21,22,13,10,0,0,,,,,,,,,
2020,35,,,,,,,,,,,,,,,,,,,,,,
2020,36,2.1,,,,,,10,30,40,20,,,,,,,,,,,,
2020,37,2.1,,,,,,2,38,51,9,,,,,,,,,,,,
2020,38,1.2,,,,,20,50,30,,,,,,,,,,,,,,
2020,39,1.8,,,,,5,10,55,25,5,,,,,,,,,,,,
2020,41,1.9,,,,,,20,60,20,,,,,,,,,,,,,
2020,45,1.6535779476,,,,,,,,,,,,,,,,,,,,,
2020,47,1.7,,,,5,10,20,30,20,10,5,,,,,,,,,,,
2020,48,1.5,,,,,,15,75,10,,,,,,,,,,,,,
2020,49,1.4,,,,,,,,,,,,,,,,,,,,,
2020,56,1.4,,,,,20,40,30,10,,,,,,,,,,,,,
2020,61,,,,,,,,,,,,,,,,,,,,,,
2020,67,,,,,,,,,,,,,,,,,,,,,,
2020,68,1.8,,,,,,,,,,,,,,,,,,,,,
2020,80,1.82,0,.2844950213,1.706970128,3.8406827881,8.5348506401,17.4964438122,25.0355618777,22.6173541963,10.8108108108,7.6813655761,1.4224751067,.5689900427,,,,,,,,,
2020,82,1.8,,,,,,,,,,,,,,,,,,,,,
2020,85,1.7523347998,.0011910953,.0234212342,.2786807912,1.9531092859,8.0781207462,19.7497773281,28.5739761068,24.4764781426,12.4110002821,3.7218828076,.6591621109,.0732000691,,,,,,,,,
2020,88,1.8,2.75,4.25,6,7.25,8.5,9.75,10.75,11.25,11.75,10.75,9,8,,,,,,,,,
2020,89,1.8,,,0,.5,7,20,39,22,8,2.5,1,,,,,,,,,,
2020,93,1.8,,,,,,5,67.5,25,2.5,,,,,,,,,,,,
2020,94,1.7,.5,1,2,3,5,18,40,18,8,3,1,.5,,,,,,,,,
2020,95,1.8205391072,.558694376,1.050322554,3.0774376264,5.1463116409,10.6035908753,13.5201152252,20.4934468192,17.5045519132,14.9075379557,7.0783157513,3.9389022168,2.120773046,,,,,,,,,
2020,96,1.7,,,,5,10,20,30,20,10,5,,,,,,,,,,,
2020,97,,,,,,,,,,,,,,,,,,,,,,
2020,98,1.9,,,,,,20,40,35,5,,,,,,,,,,,,
2020,99,1.6,,,,,,25,75,,,,,,,,,,,,,,
2020,101,1.9,,,,,5,15,35,35,10,,,,,,,,,,,,
2020,102,1.3,,,,,,,,,,,,,,,,,,,,,
2020,103,1.8,,,,5,10,20,35,20,10,,,,,,,,,,,,
2020,108,1.601,,,,,12,35,38,15,,,,,,,,,,,,,
2020,110,1.8,.0542731337,.2007535038,1.0756033677,3.7855459598,9.5644285029,17.3526473228,22.611553294,21.1636304791,14.2277332932,6.8692871101,2.3813297847,.7132142482,,,,,,,,,
2020,111,,,,,,,,,,,,,,,,,,,,,,
2020,112,1.6,,,,5,10,20,30,20,10,5,,,,,,,,,,,
2020,114,1.7,,,,,5,10,35,30,15,5,,,,,,,,,,,
2020,115,,,,,,,,,,,,,,,,,,,,,,
2020,116,,,,,,,,,,,,,,,,,,,,,,
2020,118,1.8534063069,,,,,,,,,,,,,,,,,,,,,
2020Sep,1,1.8,,1,2,3,7,26,50,10,1,,,,,,,,,,,,
2020Sep,2,1.8,0,0,0,0,0,20,50,30,0,0,0,0,,,,,,,,,
2020Sep,4,1.5,0,2.5641025641,5.1282051282,7.6923076923,10.2564102564,15.3846153846,25.6410256411,15.3846153846,10.2564102564,5.1282051282,2.5641025641,0,,,,,,,,,
2020Sep,5,1.8625,,,,2.5,5,20,30,25,10,5,2.5,,,,,,,,,,
2020Sep,6,2.2,,,,,,,20,60,20,,,,,,,,,,,,
2020Sep,7,,,,,,,,,,,,,,,,,,,,,,
2020Sep,15,,,,,,,,,,,,,,,,,,,,,,
2020Sep,16,1.5,1,2,7,8,9,21,23,17,8,3,1,0,,,,,,,,,
2020Sep,20,1.7,,,,5,10,27,38,15,5,,,,,,,,,,,,
2020Sep,22,1.9,,,,,10,20,45,25,,,,,,,,,,,,,
2020Sep,23,1.6,,,1,8,14,19,24,18,12,4,,,,,,,,,,,
2020Sep,24,1.6315660078,1,2,3,7,14,14,20,14,14,8,2,1,,,,,,,,,
2020Sep,26,1.8,,,5,5,10,15,30,15,10,5,5,,,,,,,,,,
2020Sep,29,1.8,,,,,,10,60,30,,,,,,,,,,,,,
2020Sep,30,1.8,,,,,,,,,,,,,,,,,,,,,
2020Sep,32,1.7,,,,,,,,,,,,,,,,,,,,,
2020Sep,33,1.9,,,,,,,,,,,,,,,,,,,,,
2020Sep,35,,,,,,,,,,,,,,,,,,,,,,
2020Sep,36,2.1,,,,,,10,30,40,20,,,,,,,,,,,,
2020Sep,37,2.2,,,,,,1,39,50,10,,,,,,,,,,,,
2020Sep,38,,,,,,,,,,,,,,,,,,,,,,
2020Sep,39,1.8,,,,,5,15,50,25,5,,,,,,,,,,,,
2020Sep,41,,,,,,,,,,,,,,,,,,,,,,
2020Sep,45,,,,,,,,,,,,,,,,,,,,,,
2020Sep,47,1.7,,,,,,,,,,,,,,,,,,,,,
2020Sep,48,1.6,,,,,,15,75,10,,,,,,,,,,,,,
2020Sep,49,1.5,,,,,,,,,,,,,,,,,,,,,
2020Sep,56,1.45,,,,,20,40,30,10,,,,,,,,,,,,,
2020Sep,61,,,,,,,,,,,,,,,,,,,,,,
2020Sep,67,,,,,,,,,,,,,,,,,,,,,,
2020Sep,68,1.85,,,,,,,,,,,,,,,,,,,,,
2020Sep,80,,,,,,,,,,,,,,,,,,,,,,
2020Sep,82,,,,,,,,,,,,,,,,,,,,,,
2020Sep,85,1.7894648226,.0000251511,.0015970878,.0491836162,.7328053414,5.3108130057,18.8154018252,32.7122709836,27.961585501,11.7444242234,2.4171159976,.2426732522,.0121040148,,,,,,,,,
2020Sep,88,1.8,2.75,4.25,6,7.25,8.5,9.5,10.75,11.25,11.75,10.75,9.25,8,,,,,,,,,
2020Sep,89,2.1,,,0,1,5,20,32,36,2.5,2,1.5,,,,,,,,,,
2020Sep,93,2.1,,,,,,,30,60,10,,,,,,,,,,,,
2020Sep,94,1.6,,.5,2,5,11,19,34,18,6,3,1,.5,,,,,,,,,
2020Sep,95,1.7949281793,.7399378476,1.2866630885,3.2976938743,6.7800187122,11.1821807275,14.7943940279,18.2312443168,15.8975962891,11.6594444851,7.5315280883,4.7279270506,3.8713714921,,,,,,,,,
2020Sep,96,1.7,,,,5,10,20,30,20,10,5,,,,,,,,,,,
2020Sep,97,,,,,,,,,,,,,,,,,,,,,,
2020Sep,98,1.74,,,,,5,15,45,30,5,,,,,,,,,,,,
2020Sep,99,1.6,,,,,,,,,,,,,,,,,,,,,
2020Sep,101,1.9,,,,,,,,,,,,,,,,,,,,,
2020Sep,102,,,,,,,,,,,,,,,,,,,,,,
2020Sep,103,,,,,,,,,,,,,,,,,,,,,,
2020Sep,108,1.49273,,,,,5,51,42,2,,,,,,,,,,,,,
2020Sep,110,1.8,.1157384614,.3352071513,1.4843114266,4.4491816457,9.9883561478,16.7972431788,21.1621312291,19.9746690776,14.1251545757,7.4828723245,2.9692569797,1.1158778018,,,,,,,,,
2020Sep,111,,,,,,,,,,,,,,,,,,,,,,
2020Sep,112,1.8,,,,5,10,20,30,20,10,5,,,,,,,,,,,
2020Sep,114,1.7,,,,,5,10,35,30,15,5,,,,,,,,,,,
2020Sep,115,,,,,,,,,,,,,,,,,,,,,,
2020Sep,116,,0,0,0,5,7.5,22.5,32.5,22.5,7.5,2.5,0,0,,,,,,,,,
2020Sep,118,1.9,,,,,,,,,,,,,,,,,,,,,
2023,1,1.8,,1,2,4,8,25,46,10,3,1,,,,,,,,,,,
2023,2,1.5,0,0,0,0,0,50,50,0,0,0,0,0,,,,,,,,,
2023,4,1.8,2,3,5,7.5,10,15,20,17.5,10,5,3,2,,,,,,,,,
2023,5,1.7,,,,2.5,10,20,35,20,10,2.5,,,,,,,,,,,
2023,6,2,,,,,,,40,60,,,,,,,,,,,,,
2023,7,,,,,,,,,,,,,,,,,,,,,,
2023,15,1.95,,,,5,10,15,20,20,15,10,5,,,,,,,,,,
2023,16,1.6,1,2,3,5,11,20,22,17,9,6,3,1,,,,,,,,,
2023,20,1.9,,,5,8,14,18,25,25,5,,,,,,,,,,,,
2023,22,1.8,,,,,,20,60,20,,,,,,,,,,,,,
2023,23,2.1,,1,2,4,10,15,17,18,16,11,5,1,,,,,,,,,
2023,24,1.9,,1,3.5,8,11,13,14,14.2,14,12.1,7,2.2,,,,,,,,,
2023,26,2,,,5,5,10,10,20,20,10,10,5,5,,,,,,,,,
2023,29,1.9,,,,,,10,50,40,,,,,,,,,,,,,
2023,30,1.9,,,,,,,,,,,,,,,,,,,,,
2023,32,,,,,,,,,,,,,,,,,,,,,,
2023,33,2.2,0,0,0,4,7,13,18,20,18,10,9,1,,,,,,,,,
2023,35,,,,,,,,,,,,,,,,,,,,,,
2023,36,1.9,,,,,10,20,40,20,10,,,,,,,,,,,,
2023,37,2.2,,,,,,1,29,46,22,2,,,,,,,,,,,
2023,38,1.7,,,,,,,90,10,,,,,,,,,,,,,
2023,39,1.8,,,,5,10,15,40,20,10,,,,,,,,,,,,
2023,41,,,,,,,,,,,,,,,,,,,,,,
2023,45,,,,,,,,,,,,,,,,,,,,,,
2023,47,1.9,,,,,,,,,,,,,,,,,,,,,
2023,48,1.5,,,,,,,,,,,,,,,,,,,,,
2023,49,,,,,,,,,,,,,,,,,,,,,,
2023,56,1.5,,,,,20,30,30,20,,,,,,,,,,,,,
2023,61,,,,,,,,,,,,,,,,,,,,,,
2023,67,,,,,,,,,,,,,,,,,,,,,,
2023,68,1.9,,,,,,,,,,,,,,,,,,,,,
2023,80,1.68,1.706970128,1.9914651494,4.5519203414,8.3926031294,16.2162162162,15.2204836415,16.9274537696,13.5135135135,9.5305832148,6.4011379801,2.4182076814,3.1294452347,,,,,,,,,
2023,82,,,,,,,,,,,,,,,,,,,,,,
2023,85,1.95,.0166461886,.1183436145,.6587863526,2.6173861765,7.4248907767,15.0436405639,21.7749396845,22.5193747064,16.6401038446,8.7843887907,3.3123122024,1.0891870986,,,,,,,,,
2023,88,2,2,3,5,7,9,9,10,11,13,12,10,9,,,,,,,,,
2023,89,1.9,,,.5,2,5,18.5,33,27,7,5,2,,,,,,,,,,
2023,93,,,,,,,,,,,,,,,,,,,,,,
2023,94,1.7,.5,1,3,4.5,8,16,32,16,8,6,3,2,,,,,,,,,
2023,95,1.9864494431,.0103946628,.2340227646,1.1905647415,4.706748977,9.4727071048,13.9652965914,20.0609001715,18.6278515602,14.4499218444,9.5804237973,4.7549805824,2.9461872021,,,,,,,,,
2023,96,2,,,,,,,,,,,,,,,,,,,,,
2023,97,,,,,,,,,,,,,,,,,,,,,,
2023,98,1.9,,,,,5,25,30,25,15,,,,,,,,,,,,
2023,99,1.9,,,,,,10,70,20,,,,,,,,,,,,,
2023,101,1.8,,,3,5,10,24,35,18,5,,,,,,,,,,,,
2023,102,,,,,,,,,,,,,,,,,,,,,,
2023,103,1.9,,,,5,10,25,30,20,10,,,,,,,,,,,,
2023,108,1.8099975,,,,,,15,48,30,7,,,,,,,,,,,,
2023,110,2,.1002816273,.2706126815,1.1577887402,3.442251233,7.8944216393,13.9673862072,19.0662040866,20.0811359448,16.3188943156,10.2319346381,4.9494695202,2.5196193662,,,,,,,,,
2023,111,,,,,,,,,,,,,,,,,,,,,,
2023,112,2,,,,,5,10,20,30,25,10,,,,,,,,,,,
2023,114,2.5,,,,2,4,8,15,25,30,10,5,1,,,,,,,,,
2023,115,,,,,,,,,,,,,,,,,,,,,,
2023,116,,0,0,2.5,5,10,20,25,20,10,5,2.5,0,,,,,,,,,
2023,118,1.9,,,,,,,,,,,,,,,,,,,,,
,,,,,,,,,,,,,,,,,,,,,,,
CORE INFLATION EXPECTATIONS; YEAR-ON-YEAR CHANGE IN CORE,,,,,,,,,,,,,,,,,,,,,,,
TARGET_PERIOD,FCT_SOURCE,POINT,TN1_0,FN1_0TN0_6,FN0_5TN0_1,F0_0T0_4,F0_5T0_9,F1_0T1_4,F1_5T1_9,F2_0T2_4,F2_5T2_9,F3_0T3_4,F3_5T3_9,F4_0,,,,,,,,,
2018,1,,,,,,,,,,,,,,,,,,,,,,
2018,2,1.2,0,0,0,0,0,100,0,0,0,0,0,0,,,,,,,,,
2018,4,1.1,,,,,20,80,,,,,,,,,,,,,,,
2018,5,1.05,,,,,30,70,,,,,,,,,,,,,,,
2018,6,1.4,,,,,,60,40,,,,,,,,,,,,,,
2018,7,,,,,,,,,,,,,,,,,,,,,,
2018,15,1,,,,,35,65,,,,,,,,,,,,,,,
2018,16,1.2,,,,,,,,,,,,,,,,,,,,,
2018,20,,,,,,,,,,,,,,,,,,,,,,
2018,22,1,,,,,40,60,0,,,,,,,,,,,,,,
2018,23,1,,,,,20,80,,,,,,,,,,,,,,,
2018,24,1.0496262093,,,3,9,35,32,15,5,1,,,,,,,,,,,,
2018,26,1.1,,,,,30,70,,,,,,,,,,,,,,,
2018,29,1.3,,,,,10,60,30,,,,,,,,,,,,,,
2018,30,,,,,,,,,,,,,,,,,,,,,,
2018,32,,,,,,,,,,,,,,,,,,,,,,
2018,33,,,,,,,,,,,,,,,,,,,,,,
2018,35,,,,,,,,,,,,,,,,,,,,,,
2018,36,1.3,,,,,10,60,30,,,,,,,,,,,,,,
2018,37,1,,,,,4,96,,,,,,,,,,,,,,,
2018,38,,,,,,,,,,,,,,,,,,,,,,
2018,39,1.2,,,,,20,60,15,5,,,,,,,,,,,,,
2018,41,,,,,,,,,,,,,,,,,,,,,,
2018,45,1.115248022,,,,,,,,,,,,,,,,,,,,,
2018,47,1.3,,,,5,5,75,10,5,,,,,,,,,,,,,
2018,48,,,,,,,,,,,,,,,,,,,,,,
2018,49,1,,,,,,,,,,,,,,,,,,,,,
2018,56,1,,,,,10,90,,,,,,,,,,,,,,,
2018,61,,,,,,,,,,,,,,,,,,,,,,
2018,67,,,,,,,,,,,,,,,,,,,,,,
2018,68,,,,,,,,,,,,,,,,,,,,,,
2018,80,,,,,,,,,,,,,,,,,,,,,,
2018,82,1.03,,,,,,,,,,,,,,,,,,,,,
2018,85,1.2160243458,0,0,0,0,.0012563387,99.2904091433,.708334518,0,0,0,0,0,,,,,,,,,
2018,88,1.2,,,5,10,20,40,10,10,5,,,,,,,,,,,,
2018,89,1.3,,,0,5,20,36,30,6,2,1,,,,,,,,,,,
2018,93,1.3,,,,,,80,20,,,,,,,,,,,,,,
2018,94,,,,,,,,,,,,,,,,,,,,,,
2018,95,1.212184154,1.5536963995,4.9388083466,8.40954183,13.6186928418,15.9186972082,17.0481614021,10.3337148029,9.9540786421,9.8477155633,4.8042763309,2.3824887266,1.190127906,,,,,,,,,
2018,96,,,,,,,,,,,,,,,,,,,,,,
2018,97,1,,,,,,,,,,,,,,,,,,,,,
2018,98,1.1,,,,,25,65,10,,,,,,,,,,,,,,
2018,99,1,,,,,10,90,,,,,,,,,,,,,,,
2018,101,1,,,,,20,80,,,,,,,,,,,,,,,
2018,102,1,,,,,,,,,,,,,,,,,,,,,
2018,103,1.3,,,,,,,,,,,,,,,,,,,,,
2018,108,,,,,,,,,,,,,,,,,,,,,,
2018,110,1.2,,,,,,,,,,,,,,,,,,,,,
2018,111,1.2,,,,,,,,,,,,,,,,,,,,,
2018,112,,,,,,,,,,,,,,,,,,,,,,
2018,114,1,,,,,,,,,,,,,,,,,,,,,
2018,115,1,.0007006038,.0248480155,.8191215922,8.7823342978,31.7762589813,39.3471147678,16.7184158135,2.4131406532,.1162235511,.0018324035,.0000093053,.000000015,,,,,,,,,
2018,116,1,0,0,0,1,19,60,19,1,0,0,0,0,,,,,,,,,
2018,118,1.1,,,,,,,,,,,,,,,,,,,,,
2019,1,,,,,,,,,,,,,,,,,,,,,,
2019,2,1.4,0,0,0,0,0,50,50,0,0,0,0,0,,,,,,,,,
2019,4,1.4,,,,10,20,30,30,10,,,,,,,,,,,,,
2019,5,1.6,,,,2.5,5,35,35,15,5,2.5,,,,,,,,,,,
2019,6,1.7,,,,,,10,70,20,,,,,,,,,,,,,
2019,7,,,,,,,,,,,,,,,,,,,,,,
2019,15,1.325,,,,5,15,40,30,10,,,,,,,,,,,,,
2019,16,1.8,,,,,,,,,,,,,,,,,,,,,
2019,20,,,,,,,,,,,,,,,,,,,,,,
2019,22,1.4,,,,,10,45,35,10,,,,,,,,,,,,,
2019,23,1.3,,,,1,15,45,34,5,,,,,,,,,,,,,
2019,24,1.5023589214,,,2,6,18,25,24,14,8,3,,,,,,,,,,,
2019,26,1.5,,,,,20,30,30,20,,,,,,,,,,,,,
2019,29,1.5,,,,,,30,60,10,,,,,,,,,,,,,
2019,30,,,,,,,,,,,,,,,,,,,,,,
2019,32,,,,,,,,,,,,,,,,,,,,,,
2019,33,,,,,,,,,,,,,,,,,,,,,,
2019,35,,,,,,,,,,,,,,,,,,,,,,
2019,36,1.4,,,,,10,50,40,,,,,,,,,,,,,,
2019,37,1.5,,,,,1,48,51,,,,,,,,,,,,,,
2019,38,,,,,,,,,,,,,,,,,,,,,,
2019,39,1.4,,,,,15,40,30,15,,,,,,,,,,,,,
2019,41,,,,,,,,,,,,,,,,,,,,,,
2019,45,1.5170108215,,,,,,,,,,,,,,,,,,,,,
2019,47,1.4,,,,5,25,45,20,5,,,,,,,,,,,,,
2019,48,,,,,,,,,,,,,,,,,,,,,,
2019,49,1.1,,,,,,,,,,,,,,,,,,,,,
2019,56,1.3,,,,,10,75,15,,,,,,,,,,,,,,
2019,61,,,,,,,,,,,,,,,,,,,,,,
2019,67,,,,,,,,,,,,,,,,,,,,,,
2019,68,,,,,,,,,,,,,,,,,,,,,,
2019,80,,,,,,,,,,,,,,,,,,,,,,
2019,82,1.338,,,,,,,,,,,,,,,,,,,,,
2019,85,1.4571295333,0,.0000000123,.0000828944,.0570728936,4.2670337663,38.6990246732,48.3275907066,8.4632911309,.1854532946,.0004505152,.0000001129,0,,,,,,,,,
2019,88,1.4,3,5,7,9,11,12.5,12.5,11.5,10,9,5.5,4,,,,,,,,,
2019,89,1.6,,,0,3,8,23,33,22,6,4,1,,,,,,,,,,
2019,93,1.6,,,,,,22.5,75,2.5,,,,,,,,,,,,,
2019,94,,,,,,,,,,,,,,,,,,,,,,
2019,95,1.2423082708,.2796163797,1.5053704646,5.3451196903,12.3164700807,18.2975162117,22.4220215074,19.2894850657,11.9425081253,5.3601267781,1.6650946503,.6515255224,.9251455238,,,,,,,,,
2019,96,,,,,,,,,,,,,,,,,,,,,,
2019,97,1.3,,,,,,,,,,,,,,,,,,,,,
2019,98,1.5,,,,,5,40,45,10,,,,,,,,,,,,,
2019,99,1.3,,,,,10,75,15,,,,,,,,,,,,,,
2019,101,1.3,,,,,25,70,5,,,,,,,,,,,,,,
2019,102,1.2,,,,,,,,,,,,,,,,,,,,,
2019,103,1.4,,,,,,,,,,,,,,,,,,,,,
2019,108,,,,,,,,,,,,,,,,,,,,,,
2019,110,1.5,,,,,,,,,,,,,,,,,,,,,
2019,111,,,,,,,,,,,,,,,,,,,,,,
2019,112,,,,,,,,,,,,,,,,,,,,,,
2019,114,1.3,,,,,,,,,,,,,,,,,,,,,
2019,115,1.4,.0000093203,.0006912834,.0554482693,1.4372531228,12.3823623177,36.1242356864,36.1242356865,12.3823623177,1.4372531228,.0554482693,.0006977796,.0000028242,,,,,,,,,
2019,116,1.3,0,0,0,2.5,10,37.5,37.5,10,2.5,0,0,0,,,,,,,,,
2019,118,1.6,,,,,,,,,,,,,,,,,,,,,
2019Sep,1,,,,,,,,,,,,,,,,,,,,,,
2019Sep,2,1.4,0,0,0,0,0,50,50,0,0,0,0,0,,,,,,,,,
2019Sep,4,1.6,,,5,7.5,20,30,30,5,2.5,,,,,,,,,,,,
2019Sep,5,1.7,,,,2.5,5,25,35,25,5,2.5,,,,,,,,,,,
2019Sep,6,1.5,,,,,,40,60,,,,,,,,,,,,,,
2019Sep,7,,,,,,,,,,,,,,,,,,,,,,
2019Sep,15,,,,,,,,,,,,,,,,,,,,,,
2019Sep,16,2,,,,,,,,,,,,,,,,,,,,,
2019Sep,20,,,,,,,,,,,,,,,,,,,,,,
2019Sep,22,1.5,,,,,10,35,45,10,,,,,,,,,,,,,
2019Sep,23,1.3,,,,1,15,45,34,5,,,,,,,,,,,,,
2019Sep,24,1.5631025316,,,2,6,14,22,23,20,10,3,,,,,,,,,,,
2019Sep,26,1.5,,,,,10,40,50,,,,,,,,,,,,,,
2019Sep,29,1.5,,,,,,30,60,10,,,,,,,,,,,,,
2019Sep,30,,,,,,,,,,,,,,,,,,,,,,
2019Sep,32,,,,,,,,,,,,,,,,,,,,,,
2019Sep,33,,,,,,,,,,,,,,,,,,,,,,
2019Sep,35,,,,,,,,,,,,,,,,,,,,,,
2019Sep,36,1.4,,,,,10,50,40,,,,,,,,,,,,,,
2019Sep,37,1.5,,,,,2,48,50,,,,,,,,,,,,,,
2019Sep,38,,,,,,,,,,,,,,,,,,,,,,
2019Sep,39,1.6,,,,,10,25,45,20,,,,,,,,,,,,,
2019Sep,41,,,,,,,,,,,,,,,,,,,,,,
2019Sep,45,,,,,,,,,,,,,,,,,,,,,,
2019Sep,47,1.7,,,,,,,,,,,,,,,,,,,,,
2019Sep,48,,,,,,,,,,,,,,,,,,,,,,
2019Sep,49,1.1,,,,,,,,,,,,,,,,,,,,,
2019Sep,56,1.45,,,,,10,60,30,,,,,,,,,,,,,,
2019Sep,61,,,,,,,,,,,,,,,,,,,,,,
2019Sep,67,,,,,,,,,,,,,,,,,,,,,,
2019Sep,68,,,,,,,,,,,,,,,,,,,,,,
2019Sep,80,,,,,,,,,,,,,,,,,,,,,,
2019Sep,82,.937,,,,,,,,,,,,,,,,,,,,,
2019Sep,85,1.4912861637,0,0,.0000003593,.003618797,1.5736215564,35.4191218587,56.1427508719,6.8132989626,.0475725262,.0000150677,.0000000002,0,,,,,,,,,
2019Sep,88,1.4,4,5,8,10,12,14,12,11,9,8,4,3,,,,,,,,,
2019Sep,89,1.7,,,0,1,10,20,36,25,5,2,1,,,,,,,,,,
2019Sep,93,1.7,,,,,,15,70,15,,,,,,,,,,,,,
2019Sep,94,,,,,,,,,,,,,,,,,,,,,,
2019Sep,95,1.1457096306,.6773386125,2.1392220195,5.5674630427,13.4868006186,18.5088092762,23.6443291079,18.7480733245,10.1131380086,4.4169442927,2.55939781,.1015686551,.0369152317,,,,,,,,,
2019Sep,96,,,,,,,,,,,,,,,,,,,,,,
2019Sep,97,1.3,,,,,,,,,,,,,,,,,,,,,
2019Sep,98,1.53,,,,5,25,45,20,5,,,,,,,,,,,,,
2019Sep,99,1.3,,,,,,,,,,,,,,,,,,,,,
2019Sep,101,1.2,,,,,,,,,,,,,,,,,,,,,
2019Sep,102,1.2,,,,,,,,,,,,,,,,,,,,,
2019Sep,103,,,,,,,,,,,,,,,,,,,,,,
2019Sep,108,,,,,,,,,,,,,,,,,,,,,,
2019Sep,110,1.4,,,,,,,,,,,,,,,,,,,,,
2019Sep,111,,,,,,,,,,,,,,,,,,,,,,
2019Sep,112,,,,,,,,,,,,,,,,,,,,,,
2019Sep,114,1.5,,,,,,,,,,,,,,,,,,,,,
2019Sep,115,1.6,.0000008174,.0000876891,.0110310697,.4466411748,5.9642053985,26.7791249119,41.0643585545,21.6193271203,3.8776271871,.2329679688,.0045987239,.000029384,,,,,,,,,
2019Sep,116,1.5,0,0,0,2.5,12.5,32.5,32.5,17.5,2.5,0,0,0,,,,,,,,,
2019Sep,118,1.6,,,,,,,,,,,,,,,,,,,,,
2020,1,,,,,,,,,,,,,,,,,,,,,,
2020,2,1.6,0,0,0,0,0,30,70,0,0,0,0,0,,,,,,,,,
2020,4,1.7,,,2.5,5,15,25,30,15,5,2.5,,,,,,,,,,,
2020,5,1.8625,,,,2.5,5,20,30,25,10,5,2.5,,,,,,,,,,
2020,6,1.9,,,,,,10,60,30,,,,,,,,,,,,,
2020,7,,,,,,,,,,,,,,,,,,,,,,
2020,15,1.775,,,,5,10,15,30,20,15,5,,,,,,,,,,,
2020,16,1.9,,,,,,,,,,,,,,,,,,,,,
2020,20,,,,,,,,,,,,,,,,,,,,,,
2020,22,1.9,,,,,5,20,50,25,,,,,,,,,,,,,
2020,23,1.5,,,,3,15,35,37,10,,,,,,,,,,,,,
2020,24,1.6921338294,,2,4,6,10,14,20,20,14,8,2,,,,,,,,,,
2020,26,1.7,,,,5,10,25,25,20,10,5,,,,,,,,,,,
2020,29,1.5,,,,,,30,60,10,,,,,,,,,,,,,
2020,30,,,,,,,,,,,,,,,,,,,,,,
2020,32,,,,,,,,,,,,,,,,,,,,,,
2020,33,,,,,,,,,,,,,,,,,,,,,,
2020,35,,,,,,,,,,,,,,,,,,,,,,
2020,36,1.5,,,,,10,30,40,20,,,,,,,,,,,,,
2020,37,1.7,,,,,1,24,69,6,,,,,,,,,,,,,
2020,38,,,,,,,,,,,,,,,,,,,,,,
2020,39,1.8,,,,,10,20,45,20,5,,,,,,,,,,,,
2020,41,,,,,,,,,,,,,,,,,,,,,,
2020,45,1.7249850274,,,,,,,,,,,,,,,,,,,,,
2020,47,1.7,,,,5,15,25,35,15,5,,,,,,,,,,,,
2020,48,,,,,,,,,,,,,,,,,,,,,,
2020,49,1.3,,,,,,,,,,,,,,,,,,,,,
2020,56,1.4,,,,,10,70,20,,,,,,,,,,,,,,
2020,61,,,,,,,,,,,,,,,,,,,,,,
2020,67,,,,,,,,,,,,,,,,,,,,,,
2020,68,,,,,,,,,,,,,,,,,,,,,,
2020,80,,,,,,,,,,,,,,,,,,,,,,
2020,82,,,,,,,,,,,,,,,,,,,,,,
2020,85,1.6580884595,.0000074617,.0008422199,.0397402984,.7873532394,6.6093147205,23.7129529703,36.6021059227,24.3673200558,6.9801872745,.8548317039,.0443681155,.0009760174,,,,,,,,,
2020,88,1.6,2.75,4.25,6,7.7,10,10.5,10.75,11.2,10,9.6,9.25,8,,,,,,,,,
2020,89,1.8,,,0,2,8,20,34,23,6,5,2,,,,,,,,,,
2020,93,1.8,,,,,,2.5,80,17.5,,,,,,,,,,,,,
2020,94,,,,,,,,,,,,,,,,,,,,,,
2020,95,1.2837185537,1.4624171143,3.7758288859,5.7564964599,9.6110144701,14.9432504978,21.4590448643,16.357781698,13.437371652,8.1502908635,3.2500329238,1.0990772587,.6973933117,,,,,,,,,
2020,96,,,,,,,,,,,,,,,,,,,,,,
2020,97,,,,,,,,,,,,,,,,,,,,,,
2020,98,1.8,,,,,10,35,45,10,,,,,,,,,,,,,
2020,99,1.7,,,,,,20,70,10,,,,,,,,,,,,,
2020,101,1.4,,,,,20,55,25,,,,,,,,,,,,,,
2020,102,1.3,,,,,,,,,,,,,,,,,,,,,
2020,103,1.6,,,,,,,,,,,,,,,,,,,,,
2020,108,,,,,,,,,,,,,,,,,,,,,,
2020,110,1.8,,,,,,,,,,,,,,,,,,,,,
2020,111,,,,,,,,,,,,,,,,,,,,,,
2020,112,,,,,,,,,,,,,,,,,,,,,,
2020,114,1.7,,,,,,,,,,,,,,,,,,,,,
2020,115,,,,,,,,,,,,,,,,,,,,,,
2020,116,,,,,,,,,,,,,,,,,,,,,,
2020,118,1.9,,,,,,,,,,,,,,,,,,,,,
2020Sep,1,,,,,,,,,,,,,,,,,,,,,,
2020Sep,2,1.6,0,0,0,0,0,20,70,10,0,0,0,0,,,,,,,,,
2020Sep,4,1.8,,2.5,2.5,5,15,25,25,15,5,2.5,2.5,,,,,,,,,,
2020Sep,5,1.8625,,,,2.5,5,20,30,25,10,5,2.5,,,,,,,,,,
2020Sep,6,1.8,,,,,,10,70,20,,,,,,,,,,,,,
2020Sep,7,,,,,,,,,,,,,,,,,,,,,,
2020Sep,15,,,,,,,,,,,,,,,,,,,,,,
2020Sep,16,1.9,,,,,,,,,,,,,,,,,,,,,
2020Sep,20,,,,,,,,,,,,,,,,,,,,,,
2020Sep,22,1.9,,,,,10,15,50,25,,,,,,,,,,,,,
2020Sep,23,1.5,,,,3,12,35,40,10,,,,,,,,,,,,,
2020Sep,24,1.7490507472,,1,2,6,10,14,23,20,18,6,,,,,,,,,,,
2020Sep,26,1.7,,,,,10,25,40,20,5,,,,,,,,,,,,
2020Sep,29,1.5,,,,,,30,60,10,,,,,,,,,,,,,
2020Sep,30,,,,,,,,,,,,,,,,,,,,,,
2020Sep,32,,,,,,,,,,,,,,,,,,,,,,
2020Sep,33,,,,,,,,,,,,,,,,,,,,,,
2020Sep,35,,,,,,,,,,,,,,,,,,,,,,
2020Sep,36,1.5,,,,,10,30,40,20,,,,,,,,,,,,,
2020Sep,37,1.7,,,,,1,30,67,2,,,,,,,,,,,,,
2020Sep,38,,,,,,,,,,,,,,,,,,,,,,
2020Sep,39,1.8,,,,,5,20,45,30,,,,,,,,,,,,,
2020Sep,41,,,,,,,,,,,,,,,,,,,,,,
2020Sep,45,,,,,,,,,,,,,,,,,,,,,,
2020Sep,47,1.6,,,,,,,,,,,,,,,,,,,,,
2020Sep,48,,,,,,,,,,,,,,,,,,,,,,
2020Sep,49,1.4,,,,,,,,,,,,,,,,,,,,,
2020Sep,56,1.45,,,,,10,60,30,,,,,,,,,,,,,,
2020Sep,61,,,,,,,,,,,,,,,,,,,,,,
2020Sep,67,,,,,,,,,,,,,,,,,,,,,,
2020Sep,68,,,,,,,,,,,,,,,,,,,,,,
2020Sep,80,,,,,,,,,,,,,,,,,,,,,,
2020Sep,82,,,,,,,,,,,,,,,,,,,,,,
2020Sep,85,1.6824414786,.0000057937,.0006826729,.0336099667,.6945018211,6.0776179127,22.722994549,36.5414247228,25.344419665,7.5654223032,.9658388726,.0522812791,.0012004412,,,,,,,,,
2020Sep,88,1.8,2.75,4.25,6,7.25,8.5,9.5,10.75,11.25,11.75,10.75,9.25,8,,,,,,,,,
2020Sep,89,1.9,,,0,1,10,20,36,21,7,4,1,,,,,,,,,,
2020Sep,93,1.9,,,,,,2.5,65,30,2.5,,,,,,,,,,,,
2020Sep,94,,,,,,,,,,,,,,,,,,,,,,
2020Sep,95,1.2244251921,3.1373435108,4.4710640633,8.8280775928,8.9330688425,13.1571384333,18.2414441133,15.0663467223,12.8271079945,8.7604134717,4.7994947085,1.3002017872,.4782987598,,,,,,,,,
2020Sep,96,,,,,,,,,,,,,,,,,,,,,,
2020Sep,97,,,,,,,,,,,,,,,,,,,,,,
2020Sep,98,1.86,,,,,5,40,45,10,,,,,,,,,,,,,
2020Sep,99,1.7,,,,,,,,,,,,,,,,,,,,,
2020Sep,101,1.4,,,,,,,,,,,,,,,,,,,,,
2020Sep,102,,,,,,,,,,,,,,,,,,,,,,
2020Sep,103,,,,,,,,,,,,,,,,,,,,,,
2020Sep,108,,,,,,,,,,,,,,,,,,,,,,
2020Sep,110,1.8,,,,,,,,,,,,,,,,,,,,,
2020Sep,111,,,,,,,,,,,,,,,,,,,,,,
2020Sep,112,,,,,,,,,,,,,,,,,,,,,,
2020Sep,114,1.7,,,,,,,,,,,,,,,,,,,,,
2020Sep,115,,,,,,,,,,,,,,,,,,,,,,
2020Sep,116,,0,0,2.5,5,12.5,25,30,15,7.5,2.5,0,0,,,,,,,,,
2020Sep,118,1.9,,,,,,,,,,,,,,,,,,,,,
2023,1,,,,,,,,,,,,,,,,,,,,,,
2023,2,1.5,0,0,0,0,10,40,40,10,0,0,0,0,,,,,,,,,
2023,4,1.7,2,3,5,7.5,12.5,15,20,15,10,5,3,2,,,,,,,,,
2023,5,1.7,,,,2.5,10,20,35,20,10,2.5,,,,,,,,,,,
2023,6,1.8,,,,,,10,70,20,,,,,,,,,,,,,
2023,7,,,,,,,,,,,,,,,,,,,,,,
2023,15,1.95,,,,5,10,15,20,20,15,10,5,,,,,,,,,,
2023,16,1.6,,,,,,,,,,,,,,,,,,,,,
2023,20,,,,,,,,,,,,,,,,,,,,,,
2023,22,1.8,,,,,,20,60,20,,,,,,,,,,,,,
2023,23,1.9,,,1,10,15,20,26,22,5,1,,,,,,,,,,,
2023,24,1.8,,1,5,8,11,13,14,14,14,12,7,1,,,,,,,,,
2023,26,2,,,,2,8,15,25,25,15,8,2,,,,,,,,,,
2023,29,1.6,,,,,,20,60,20,,,,,,,,,,,,,
2023,30,,,,,,,,,,,,,,,,,,,,,,
2023,32,,,,,,,,,,,,,,,,,,,,,,
2023,33,,,,,,,,,,,,,,,,,,,,,,
2023,35,,,,,,,,,,,,,,,,,,,,,,
2023,36,1.5,,,,,20,30,30,20,,,,,,,,,,,,,
2023,37,2.1,,,,,,,37,57,6,,,,,,,,,,,,
2023,38,,,,,,,,,,,,,,,,,,,,,,
2023,39,1.6,,,,5,10,27,33,20,5,,,,,,,,,,,,
2023,41,,,,,,,,,,,,,,,,,,,,,,
2023,45,,,,,,,,,,,,,,,,,,,,,,
2023,47,1.7,,,,,,,,,,,,,,,,,,,,,
2023,48,,,,,,,,,,,,,,,,,,,,,,
2023,49,,,,,,,,,,,,,,,,,,,,,,
2023,56,1.5,,,,0,10,40,50,0,,,,,,,,,,,,,
2023,61,,,,,,,,,,,,,,,,,,,,,,
2023,67,,,,,,,,,,,,,,,,,,,,,,
2023,68,,,,,,,,,,,,,,,,,,,,,,
2023,80,,,,,,,,,,,,,,,,,,,,,,
2023,82,,,,,,,,,,,,,,,,,,,,,,
2023,85,1.75,.0183669954,.1470680905,.8720721799,3.5378552304,9.825075404,18.6870009039,24.3491300115,21.7381918556,13.2964406876,5.5707907634,1.5980623664,.3599455114,,,,,,,,,
2023,88,1.9,2,3,5,7,9,9,10,11,13,12,10,9,,,,,,,,,
2023,89,1.9,,,0,2.5,7.5,14,31,25,12.5,5,2.5,,,,,,,,,,
2023,93,,,,,,,,,,,,,,,,,,,,,,
2023,94,,,,,,,,,,,,,,,,,,,,,,
2023,95,1.4430137036,2.5698576533,3.0669018871,4.9244223205,8.2672473107,12.7982283017,18.0174576759,16.2274157655,13.9168820146,10.8930768017,6.2636607441,2.62426654,.4305829849,,,,,,,,,
2023,96,,,,,,,,,,,,,,,,,,,,,,
2023,97,,,,,,,,,,,,,,,,,,,,,,
2023,98,1.8,,,,5,20,30,30,15,,,,,,,,,,,,,
2023,99,1.8,,,,,,20,70,10,,,,,,,,,,,,,
2023,101,1.4,,,,5,15,40,35,5,,,,,,,,,,,,,
2023,102,,,,,,,,,,,,,,,,,,,,,,
2023,103,,,,,,,,,,,,,,,,,,,,,,
2023,108,,,,,,,,,,,,,,,,,,,,,,
2023,110,2,,,,,,,,,,,,,,,,,,,,,
2023,111,,,,,,,,,,,,,,,,,,,,,,
2023,112,,,,,,,,,,,,,,,,,,,,,,
2023,114,2.5,,,,,,,,,,,,,,,,,,,,,
2023,115,,,,,,,,,,,,,,,,,,,,,,
2023,116,,0,0,0,5,10,20,30,20,10,5,0,0,,,,,,,,,
2023,118,1.9,,,,,,,,,,,,,,,,,,,,,
,,,,,,,,,,,,,,,,,,,,,,,
GROWTH EXPECTATIONS; YEAR-ON-YEAR CHANGE IN REAL GDP,,,,,,,,,,,,,,,,,,,,,,,
TARGET_PERIOD,FCT_SOURCE,POINT,TN1_0,FN1_0TN0_6,FN0_5TN0_1,F0_0T0_4,F0_5T0_9,F1_0T1_4,F1_5T1_9,F2_0T2_4,F2_5T2_9,F3_0T3_4,F3_5T3_9,F4_0,,,,,,,,,
2018,1,2.1,,,,,,5,28,45,17,5,,,,,,,,,,,
2018,2,2.1,0,0,0,0,0,0,20,80,0,0,0,0,,,,,,,,,
2018,4,2,,,,,,,50,50,,,,,,,,,,,,,
2018,5,2,,,,,,,45,55,,,,,,,,,,,,,
2018,6,2,,,,,,,30,70,,,,,,,,,,,,,
2018,7,2.1,,,,,,,,,,,,,,,,,,,,,
2018,15,2,,,,,,,45,55,,,,,,,,,,,,,
2018,16,2.1,0,0,.961538461538462,1.92307692307692,5.76923076923077,9.61538461538462,27.8846153846154,31.7307692307692,18.2692307692308,2.88461538461538,.961538461538462,0,,,,,,,,,
2018,20,2,,,,,,,40,60,,,,,,,,,,,,,
2018,22,2,,,,,,,40,60,,,,,,,,,,,,,
2018,23,2,,,,,1,4,40,50,5,,,,,,,,,,,,
2018,24,1.9772146586,,,,1,2,11,28,34,20,4,,,,,,,,,,,
2018,26,2,,,,,,5,40,45,10,,,,,,,,,,,,
2018,29,2.2,,,,,,,30,60,10,,,,,,,,,,,,
2018,30,2,,,,,,,35,50,15,,,,,,,,,,,,
2018,32,2.1,0,0,0,0,.0000120663,.3389941537,39.7671902675,58.5255012663,1.3681465148,.0001557313,.0000000001,0,,,,,,,,,
2018,33,2,0,0,0,3,5,18,21,30,17,6,0,0,,,,,,,,,
2018,35,,,,,,,,40,60,,,,,,,,,,,,,
2018,36,1.8,,,,,10,10,60,20,,,,,,,,,,,,,
2018,37,1.9,,,,,,,52,48,,,,,,,,,,,,,
2018,38,2,,,,,,,40,60,,,,,,,,,,,,,
2018,39,2,,,,,,5,40,50,5,,,,,,,,,,,,
2018,41,2.1,,,,,,,20,80,,,,,,,,,,,,,
2018,45,2.0223287334,,,,,,,,,,,,,,,,,,,,,
2018,47,1.9,,,,,5,15,60,20,,,,,,,,,,,,,
2018,48,2,,,,,,,,,,,,,,,,,,,,,
2018,49,2.1,,,,,,,,,,,,,,,,,,,,,
2018,56,2.1,,,,,,,30,70,,,,,,,,,,,,,
2018,61,2,,,,,,,25,60,15,,,,,,,,,,,,
2018,67,2.2,,,,,,,,,,,,,,,,,,,,,
2018,68,2.1,,,,,,,,,,,,,,,,,,,,,
2018,80,2.19,0,0,0,0,0,0,7.9022988506,91.6666666666,.4310344828,0,0,0,,,,,,,,,
2018,82,2,,,,,,,,,,,,,,,,,,,,,
2018,85,1.9979847627,0,0,0,0,.0000020105,.1395215082,31.0698670407,66.5694531391,2.2208322798,.0003240216,.0000000001,0,,,,,,,,,
2018,88,2,,,,,4,10,30,40,10,6,,,,,,,,,,,
2018,89,2.1,0,0,.5,1,2,3.5,17,44,30,2,0,0,,,,,,,,,
2018,93,2.1,,,,,,,20,75,5,,,,,,,,,,,,
2018,94,2.1,,,.5,1,1.5,3,16,74.5,2,1,.5,,,,,,,,,,
2018,95,2.0983551286,.0193392693,.0244358169,.100077876,.6024849597,7.8092762848,14.1382484837,22.1083835424,23.1162173417,15.9704556457,9.3475049309,5.2016481303,1.5619277186,,,,,,,,,
2018,96,2,,,,,3,15,32,35,15,,,,,,,,,,,,
2018,97,1.9,,,,,,,,,,,,,,,,,,,,,
2018,98,2.1,,,,,,,30,70,,,,,,,,,,,,,
2018,99,2,,,,,,,20,75,5,,,,,,,,,,,,
2018,101,2,,,,,,,35,65,,,,,,,,,,,,,
2018,102,2.1,,,,,,,,,,,,,,,,,,,,,
2018,103,2.1,,,,,,,15,75,10,,,,,,,,,,,,
2018,108,2.013155,,,,,,5,41,49,5,,,,,,,,,,,,
2018,110,2,.0000000002,.000000095,.0000613609,.010893491,.5418203956,7.7350742179,32.5781044129,41.3591568993,15.893793862,1.8200440621,.0604815638,.0005696393,,,,,,,,,
2018,111,2,,,,,,,,,,,,,,,,,,,,,
2018,112,2,,,,,5,10,20,30,20,10,5,,,,,,,,,,
2018,114,2.1,,,,,,15,30,45,10,,,,,,,,,,,,
2018,115,2.1,1.0208445464,1.1719035473,2.8932581107,5.3395915757,8.5508554035,11.8821953574,14.3275819,14.991330854,13.6112822537,10.7237929929,7.3313811866,8.1559822718,,,,,,,,,
2018,116,2.1,0,0,0,0,0,0,20,60,20,0,0,0,,,,,,,,,
2018,118,2.1,,,,,,,,,,,,,,,,,,,,,
2019,1,1.8,,,,1,4,10,50,20,10,4,1,,,,,,,,,,
2019,2,2.2,0,0,0,0,0,0,30,70,0,0,0,0,,,,,,,,,
2019,4,1.8,,,2.5,7.5,15,20,20,20,10,5,,,,,,,,,,,
2019,5,1.6,,,,5,7.5,25,35,20,7.5,,,,,,,,,,,,
2019,6,2,,,,,,,40,60,,,,,,,,,,,,,
2019,7,1.9,,,,,,,,,,,,,,,,,,,,,
2019,15,1.8,,,,,5,20,35,30,10,,,,,,,,,,,,
2019,16,1.8,0,1,2,4,12,18,26,20,12,4,1,0,,,,,,,,,
2019,20,1.7,,,,,,25,40,25,10,,,,,,,,,,,,
2019,22,1.8,,,,,,10,50,30,10,,,,,,,,,,,,
2019,23,1.8,,,1,5,10,20,24,20,15,5,,,,,,,,,,,
2019,24,1.6710539636,,,,7,14,19,19,17,15,6,3,,,,,,,,,,
2019,26,1.8,,,,,10,20,30,25,10,5,,,,,,,,,,,
2019,29,1.8,,,,,,10,50,30,10,,,,,,,,,,,,
2019,30,2,,,,,,,40,50,10,,,,,,,,,,,,
2019,32,1.9,.2186286395,.5839986224,1.9634165309,4.9279635617,9.8060273449,15.3804122381,19.0398924346,18.6034464311,14.3467507987,8.7323644017,4.1947266184,2.202372378,,,,,,,,,
2019,33,1.8,0,0,0,5,10,24,34,21,5,1,0,0,,,,,,,,,
2019,35,,,,,,,,,,,,,,,,,,,,,,
2019,36,2,,,,,10,20,30,30,10,,,,,,,,,,,,
2019,37,1.8,,,,,,5,53,40,2,,,,,,,,,,,,
2019,38,1.6,,,,,,30,70,,,,,,,,,,,,,,
2019,39,1.7,,,,,5,22,48,20,5,,,,,,,,,,,,
2019,41,1.9,,,,,,,70,30,,,,,,,,,,,,,
2019,45,1.6926026225,,,,,,,,,,,,,,,,,,,,,
2019,47,1.5,,,,5,15,25,35,15,5,,,,,,,,,,,,
2019,48,1.8,,,,,,,,,,,,,,,,,,,,,
2019,49,1.8,,,,,,,,,,,,,,,,,,,,,
2019,56,1.8,,,,,,10,50,40,,,,,,,,,,,,,
2019,61,1.8,,,,,,20,50,20,10,,,,,,,,,,,,
2019,67,2.1,,,,,,,,,,,,,,,,,,,,,
2019,68,1.9,,,,,,,,,,,,,,,,,,,,,
2019,80,1.98,0,0,0,.2873563218,2.8735632184,13.5057471264,31.4655172414,35.6321839081,14.224137931,2.0114942529,0,0,,,,,,,,,
2019,82,1.6,,,,,,,,,,,,,,,,,,,,,
2019,85,1.6874297179,.0100971673,.104359222,.743594594,3.444810371,10.3851986021,20.3890450947,26.0804199105,21.7392430749,11.8067311838,4.1762394882,.9614225115,.15883878,,,,,,,,,
2019,88,1.7,,,5,7,9.5,17.5,35,15,8,3,,,,,,,,,,,
2019,89,1.9,0,0,2.5,2.5,5,20,33,25,10,2,0,0,,,,,,,,,
2019,93,1.9,,,,,,2.5,55,40,2.5,,,,,,,,,,,,
2019,94,1.9,.5,1,1.5,2,3,10,35,30,10,4.5,2,.5,,,,,,,,,
2019,95,1.8567062981,.1296442536,.1443418585,2.0369572732,5.591300798,11.424268912,15.9438516411,19.6044425081,17.5959040553,12.9851023652,8.1315939911,3.7471130075,2.6654793364,,,,,,,,,
2019,96,1.8,,,,3,7,15,35,25,10,5,,,,,,,,,,,
2019,97,1.5,,,,,,,,,,,,,,,,,,,,,
2019,98,2,,,,,,25,35,35,5,,,,,,,,,,,,
2019,99,1.8,,,,,,5,70,25,,,,,,,,,,,,,
2019,101,1.6,,,,,5,25,50,15,5,,,,,,,,,,,,
2019,102,1.9,,,,,,,,,,,,,,,,,,,,,
2019,103,1.8,,,,,5,15,40,30,10,,,,,,,,,,,,
2019,108,1.7186725,,,,,8,20,46,26,,,,,,,,,,,,,
2019,110,1.8,.1432582832,.3863588499,1.6220040604,4.6474677986,10.0926972276,16.614410313,20.7343017878,19.617278083,14.0711113815,7.6512330183,3.1535481506,1.2663310461,,,,,,,,,
2019,111,,,,,,,,,,,,,,,,,,,,,,
2019,112,1.6,,,,5,10,25,30,15,10,5,,,,,,,,,,,
2019,114,1.7,,1,2,7,10,15,45,15,5,,,,,,,,,,,,
2019,115,1.8,1.8252600753,1.8624722481,4.2506401507,7.2044847313,10.5958380006,13.522455587,14.9749809654,14.3902568031,11.9994664045,8.6824944376,5.4514603427,5.2401902537,,,,,,,,,
2019,116,2,0,0,0,0,0,5,30,40,20,5,0,0,,,,,,,,,
2019,118,1.6,,,,,,,,,,,,,,,,,,,,,
2019Q2,1,1.8,,,,,5,10,50,20,10,5,,,,,,,,,,,
2019Q2,2,2.1,0,0,0,0,0,0,30,70,0,0,0,0,,,,,,,,,
2019Q2,4,1.9,,,2.5,7.5,15,20,20,20,10,5,,,,,,,,,,,
2019Q2,5,1.6,,,,5,7.5,25,35,20,7.5,,,,,,,,,,,,
2019Q2,6,2,,,,,,,30,70,,,,,,,,,,,,,
2019Q2,7,1.9,,,,,,,,,,,,,,,,,,,,,
2019Q2,15,1.9,,,,,5,15,35,30,15,,,,,,,,,,,,
2019Q2,16,1.9,0,1,2,4,12,18,26,20,12,4,1,0,,,,,,,,,
2019Q2,20,1.7,,,,,5,25,45,25,,,,,,,,,,,,,
2019Q2,22,1.9,,,,,,10,45,35,10,,,,,,,,,,,,
2019Q2,23,1.6,,,1,3,9,18,25,20,18,6,,,,,,,,,,,
2019Q2,24,1.6363616813,,3,4,6,12,16,20,18,14,4,2,1,,,,,,,,,
2019Q2,26,1.8,,,,,10,15,35,25,15,,,,,,,,,,,,
2019Q2,29,1.8,,,,,,10,50,30,10,,,,,,,,,,,,
2019Q2,30,2.5,,,,,,,,,,,,,,,,,,,,,
2019Q2,32,1.9,,,,,,,,,,,,,,,,,,,,,
2019Q2,33,1.8,,,,,,,,,,,,,,,,,,,,,
2019Q2,35,,,,,,,,,,,,,,,,,,,,,,
2019Q2,36,2,,,,,10,20,30,30,10,,,,,,,,,,,,
2019Q2,37,1.7,,,,,,6,54,40,,,,,,,,,,,,,
2019Q2,38,1.6,,,,,,30,70,,,,,,,,,,,,,,
2019Q2,39,1.7,,,,,5,25,45,20,5,,,,,,,,,,,,
2019Q2,41,,,,,,,,,,,,,,,,,,,,,,
2019Q2,45,,,,,,,,,,,,,,,,,,,,,,
2019Q2,47,1.4,,,,,,,,,,,,,,,,,,,,,
2019Q2,48,1.8,,,,,,,,,,,,,,,,,,,,,
2019Q2,49,1.9,,,,,,,,,,,,,,,,,,,,,
2019Q2,56,1.8,,,,,,10,50,40,,,,,,,,,,,,,
2019Q2,61,1.8,,,,,,25,55,15,5,,,,,,,,,,,,
2019Q2,67,,,,,,,,,,,,,,,,,,,,,,
2019Q2,68,1.9,,,,,,,,,,,,,,,,,,,,,
2019Q2,80,,,,,,,,,,,,,,,,,,,,,,
2019Q2,82,1.6,,,,,,,,,,,,,,,,,,,,,
2019Q2,85,1.7101592199,.0000000019,.0000027277,.0010230781,.1015306075,2.7282871726,20.4451943619,43.9688070662,27.5273388624,4.9720063926,.2523069357,.0034899461,.0000128473,,,,,,,,,
2019Q2,88,1.7,,,5,7,9.5,17.5,35,15,8,3,,,,,,,,,,,
2019Q2,89,2,0,0,.5,1,2.5,12,35,42,5,2,0,0,,,,,,,,,
2019Q2,93,2,,,,,,5,35,50,10,,,,,,,,,,,,
2019Q2,94,1.9,.5,1,1.5,2,3,8,35,30,12,5,1.5,.5,,,,,,,,,
2019Q2,95,1.9983465406,.0348355943,.0511783267,1.9787943881,7.1511415873,8.4977353985,14.6402316079,15.4555884964,18.2723118321,14.1098483859,9.3164995218,6.1949837577,4.2968511033,,,,,,,,,
2019Q2,96,1.9,,,,3,7,15,30,25,15,5,,,,,,,,,,,
2019Q2,97,1.5,,,,,,,,,,,,,,,,,,,,,
2019Q2,98,2.1,,,,,5,5,45,45,,,,,,,,,,,,,
2019Q2,99,1.8,,,,,,,,,,,,,,,,,,,,,
2019Q2,101,1.7,,,,,,,,,,,,,,,,,,,,,
2019Q2,102,2.1,,,,,,,,,,,,,,,,,,,,,
2019Q2,103,1.9,,,,,,10,40,35,15,,,,,,,,,,,,
2019Q2,108,1.83461,,,,,2,26,46,26,,,,,,,,,,,,,
2019Q2,110,1.75,2.7577953542,2.3058286403,4.787992392,7.4736385501,10.3429398398,12.6908662479,13.8062336181,13.3166932969,11.3881865153,8.6347293019,5.8046639199,6.6904323236,,,,,,,,,
2019Q2,111,,,,,,,,,,,,,,,,,,,,,,
2019Q2,112,1.7,,,,5,10,20,30,20,10,5,,,,,,,,,,,
2019Q2,114,1.8,,1,2,5,10,20,40,17,5,,,,,,,,,,,,
2019Q2,115,1.8,1.8252600753,1.8624722481,4.2506401507,7.2044847313,10.5958380006,13.522455587,14.9749809654,14.3902568031,11.9994664045,8.6824944376,5.4514603427,5.2401902537,,,,,,,,,
2019Q2,116,2,0,0,0,0,0,5,30,40,20,5,0,0,,,,,,,,,
2019Q2,118,1.7,,,,,,,,,,,,,,,,,,,,,
2020,1,1.5,1,2,3,5,10,30,20,15,8,5,1,,,,,,,,,,
2020,2,1.8,0,0,0,0,0,20,60,20,0,0,0,0,,,,,,,,,
2020,4,1.6,,2.5,5,5,15,20,20,20,10,2.5,,,,,,,,,,,
2020,5,1.45,,,,5,10,35,35,10,5,,,,,,,,,,,,
2020,6,1.7,,,,,,20,60,20,,,,,,,,,,,,,
2020,7,,,,,,,,,,,,,,,,,,,,,,
2020,15,1.7,,,,5,5,15,40,25,10,,,,,,,,,,,,
2020,16,1.5,1,2,3,5,12,18,19,16,12,8,3,1,,,,,,,,,
2020,20,1.6,,,,,10,25,35,20,10,,,,,,,,,,,,
2020,22,1.7,,,,,,15,40,30,15,,,,,,,,,,,,
2020,23,1.8,,1,2,5,10,16,22,19,17,7,1,,,,,,,,,,
2020,24,1.2,,2,6,12,18,19,21,14,6,2,,,,,,,,,,,
2020,26,1.9,,,2,5,8,16,20,20,15,10,3,1,,,,,,,,,
2020,29,1.6,,,,,,10,60,30,,,,,,,,,,,,,
2020,30,1.8,,,,,,,45,50,5,,,,,,,,,,,,
2020,32,1.7,.6431020349,1.2656418742,3.4359634288,7.1095879678,11.9953339759,16.4063398484,18.2164752879,16.4200274322,12.0153582012,7.137435895,3.4416986583,1.9130353954,,,,,,,,,
2020,33,1.8,,,,,,,,,,,,,,,,,,,,,
2020,35,,,,,,,,,,,,,,,,,,,,,,
2020,36,2,,,,,20,20,25,25,10,,,,,,,,,,,,
2020,37,1.8,,,,,1,6,51,39,3,,,,,,,,,,,,
2020,38,1.5,,,,,,40,60,,,,,,,,,,,,,,
2020,39,1.6,,,,,15,28,37,20,,,,,,,,,,,,,
2020,41,1.7,,,,,,30,60,10,,,,,,,,,,,,,
2020,45,1.5825487894,,,,,,,,,,,,,,,,,,,,,
2020,47,1.4,,,,5,15,35,30,10,5,,,,,,,,,,,,
2020,48,1.6,,,,,,,,,,,,,,,,,,,,,
2020,49,1.6,,,,,,,,,,,,,,,,,,,,,
2020,56,1.7,,,,,,20,50,30,,,,,,,,,,,,,
2020,61,,,,,,,,,,,,,,,,,,,,,,
2020,67,,,,,,,,,,,,,,,,,,,,,,
2020,68,1.6,,,,,,,,,,,,,,,,,,,,,
2020,80,1.61,0,.1436781609,1.5804597701,4.4540229885,12.5,24.4252873563,30.0287356322,18.5344827586,7.0402298851,1.2931034483,0,0,,,,,,,,,
2020,82,1.4,,,,,,,,,,,,,,,,,,,,,
2020,85,1.5789365847,.1457338092,.6280735195,2.3318646526,6.4053116856,13.0202508006,19.589004569,21.8153305795,17.9836971472,10.9734607,4.9556958731,1.6560844273,.4954922364,,,,,,,,,
2020,88,1.5,4,7,8.5,10,11.5,15,11,10.5,9.5,7,6,,,,,,,,,,
2020,89,1.7,0,0,2.5,5,2,23,38,20,7.5,2,0,0,,,,,,,,,
2020,93,1.7,,,,,2.5,20,55,22.5,,,,,,,,,,,,,
2020,94,1.8,.5,1,2,4,8,10,30,22,12,7,2.5,1,,,,,,,,,
2020,95,1.651460068,.0927514783,1.9344986783,3.7381429051,7.1742352051,11.9909990806,17.4700303569,19.4247953604,15.7620518018,11.2684226637,6.4214637025,2.9169263339,1.8056824334,,,,,,,,,
2020,96,1.6,,,,5,10,25,35,15,7,3,,,,,,,,,,,
2020,97,,,,,,,,,,,,,,,,,,,,,,
2020,98,1.7,,,,,5,35,45,15,,,,,,,,,,,,,
2020,99,1.7,,,,,,15,75,10,,,,,,,,,,,,,
2020,101,1.3,,,2.5,5,25,35,25,5,2.5,,,,,,,,,,,,
2020,102,.7,,,,,,,,,,,,,,,,,,,,,
2020,103,1.5,,,,5,10,25,35,15,7.5,2.5,,,,,,,,,,,
2020,108,1.60707,,,,,5,26,46,23,,,,,,,,,,,,,
2020,110,1.6,1.3279597371,1.6998978715,4.3224343174,7.9494371135,12.2210794077,15.7056950474,16.8726997524,15.1528168474,11.3757808355,7.1390746844,3.7451185165,2.4880058692,,,,,,,,,
2020,111,,,,,,,,,,,,,,,,,,,,,,
2020,112,1.5,,,,5,10,20,30,20,10,5,,,,,,,,,,,
2020,114,1,3,5,10,20,35,20,5,2,,,,,,,,,,,,,
2020,115,,,,,,,,,,,,,,,,,,,,,,
2020,116,,,,,,,,,,,,,,,,,,,,,,
2020,118,1.3,,,,,,,,,,,,,,,,,,,,,
2020Q2,1,1.5,,,,1,4,10,40,30,10,4,1,,,,,,,,,,
2020Q2,2,1.9,0,0,0,0,0,20,60,20,0,0,0,0,,,,,,,,,
2020Q2,4,1.6,,2.5,5,5,15,20,20,20,10,2.5,,,,,,,,,,,
2020Q2,5,1.45,,,,5,10,35,35,10,5,,,,,,,,,,,,
2020Q2,6,1.8,,,,,,,40,60,,,,,,,,,,,,,
2020Q2,7,,,,,,,,,,,,,,,,,,,,,,
2020Q2,15,1.7,,,,5,5,15,50,20,5,,,,,,,,,,,,
2020Q2,16,1.5,1,2,3,5,12,18,19,16,12,8,3,1,,,,,,,,,
2020Q2,20,1.6,,,,5,10,20,30,20,10,5,,,,,,,,,,,
2020Q2,22,1.8,,,,,,10,45,35,10,,,,,,,,,,,,
2020Q2,23,1.8,,1,2,4,8,15,24,20,15,10,1,,,,,,,,,,
2020Q2,24,1.3486588987,2,3,6,8,16,20,16,14,8,4,2,1,,,,,,,,,
2020Q2,26,1.9,,,,3,11,16,25,20,16,6,3,,,,,,,,,,
2020Q2,29,1.6,,,,,,10,60,30,,,,,,,,,,,,,
2020Q2,30,2,,,,,,,,,,,,,,,,,,,,,
2020Q2,32,1.7,,,,,,,,,,,,,,,,,,,,,
2020Q2,33,1.8,,,,,,,,,,,,,,,,,,,,,
2020Q2,35,,,,,,,,,,,,,,,,,,,,,,
2020Q2,36,2,,,,,20,20,25,25,10,,,,,,,,,,,,
2020Q2,37,1.8,,,,,,8,50,41,1,,,,,,,,,,,,
2020Q2,38,1.556,,,,,,40,60,,,,,,,,,,,,,,
2020Q2,39,1.6,,,,,5,30,45,20,,,,,,,,,,,,,
2020Q2,41,,,,,,,,,,,,,,,,,,,,,,
2020Q2,45,,,,,,,,,,,,,,,,,,,,,,
2020Q2,47,1.4,,,,,,,,,,,,,,,,,,,,,
2020Q2,48,1.6,,,,,,,,,,,,,,,,,,,,,
2020Q2,49,1.6,,,,,,,,,,,,,,,,,,,,,
2020Q2,56,1.7,,,,,,20,50,30,,,,,,,,,,,,,
2020Q2,61,,,,,,,,,,,,,,,,,,,,,,
2020Q2,67,,,,,,,,,,,,,,,,,,,,,,
2020Q2,68,1.6,,,,,,,,,,,,,,,,,,,,,
2020Q2,80,,,,,,,,,,,,,,,,,,,,,,
2020Q2,82,,,,,,,,,,,,,,,,,,,,,,
2020Q2,85,1.6135247813,.0705522692,.3899642169,1.7299450183,5.4787922835,12.3918427017,20.0216602991,23.112516484,19.0633217746,11.2337731597,4.7288094179,1.421531067,.3572913081,,,,,,,,,
2020Q2,88,1.5,,6,8,10,12,25,12,10.5,9.5,5,2,,,,,,,,,,
2020Q2,89,1.7,0,0,0,4,9,22,38,22,5,0,0,0,,,,,,,,,
2020Q2,93,1.7,,,,,2.5,22.5,57.5,17.5,,,,,,,,,,,,,
2020Q2,94,1.9,.5,1,1.5,2.5,7,12,27,24,12,8,2.5,2,,,,,,,,,
2020Q2,95,1.7888822589,.0151738404,.2009953566,1.0406424926,7.318549882,12.2167614604,16.5865814647,20.3360343746,17.4601522868,13.0265763266,7.1393291572,2.4398177896,2.2193855685,,,,,,,,,
2020Q2,96,1.7,,,,5,10,15,35,20,10,5,,,,,,,,,,,
2020Q2,97,,,,,,,,,,,,,,,,,,,,,,
2020Q2,98,1.7,,,,,5,25,45,20,5,,,,,,,,,,,,
2020Q2,99,1.7,,,,,,,,,,,,,,,,,,,,,
2020Q2,101,1.4,,,,,,,,,,,,,,,,,,,,,
2020Q2,102,.8,,,,,,,,,,,,,,,,,,,,,
2020Q2,103,1.5,,,,2.5,5,30,35,20,7.5,,,,,,,,,,,,
2020Q2,108,1.65797,,,,,5,26,49,20,,,,,,,,,,,,,
2020Q2,110,1.65,2.4114016727,2.2638940837,4.9282234285,7.9692361583,11.2332033579,13.8023949845,14.7832926288,13.8023949845,11.2332033579,7.9692361583,4.9282234285,4.6752957564,,,,,,,,,
2020Q2,111,,,,,,,,,,,,,,,,,,,,,,
2020Q2,112,1.3,,,5,10,20,35,15,10,5,,,,,,,,,,,,
2020Q2,114,1.3,1,2,4,5,30,45,10,3,,,,,,,,,,,,,
2020Q2,115,,,,,,,,,,,,,,,,,,,,,,
2020Q2,116,,0,0,0,0,0,7.5,25,35,25,7.5,0,0,,,,,,,,,
2020Q2,118,1.3,,,,,,,,,,,,,,,,,,,,,
2023,1,1.5,1,2,3,5,10,29,20,14,8,5,2,1,,,,,,,,,
2023,2,1.6,0,0,0,0,0,20,60,20,0,0,0,0,,,,,,,,,
2023,4,1.4,2.5,2.5,5,7.5,12.5,15,20,15,12.5,5,2.5,,,,,,,,,,
2023,5,1.45,,,,5,10,35,35,10,5,,,,,,,,,,,,
2023,6,1.5,,,,,,20,60,20,,,,,,,,,,,,,
2023,7,,,,,,,,,,,,,,,,,,,,,,
2023,15,1.7,,,,5,10,20,35,15,10,5,,,,,,,,,,,
2023,16,1.6,5,5,6,7,13,14,16,12,9,7,5,1,,,,,,,,,
2023,20,1.5,,2,4,8,13,20,25,15,10,3,,,,,,,,,,,
2023,22,1.6,,,,,,35,40,25,,,,,,,,,,,,,
2023,23,1.4,1,2,3,10,18,20,16,14,10,5,1,,,,,,,,,,
2023,24,1.3,3,4,6,10,14,18,18,12,7,5,2,1,,,,,,,,,
2023,26,1.9,1,2,2,5,5,18,23,17,12,8,5,2,,,,,,,,,
2023,29,1.7,,,,,,10,60,30,,,,,,,,,,,,,
2023,30,1.7,,,,,,,,,,,,,,,,,,,,,
2023,32,1.3,,,,,,,,,,,,,,,,,,,,,
2023,33,2,0,1,6,8,11,15,16,19,16,8,0,0,,,,,,,,,
2023,35,,,,,,,,,,,,,,,,,,,,,,
2023,36,2.5,,,,,10,15,15,20,30,10,,,,,,,,,,,
2023,37,1.9,,,,,1,10,45,39,5,,,,,,,,,,,,
2023,38,1.4,,,,,30,70,,,,,,,,,,,,,,,
2023,39,1.4,,,,10,15,32,23,15,5,,,,,,,,,,,,
2023,41,,,,,,,,,,,,,,,,,,,,,,
2023,45,,,,,,,,,,,,,,,,,,,,,,
2023,47,1.5,,,,,,,,,,,,,,,,,,,,,
2023,48,1.3,,,,,,,,,,,,,,,,,,,,,
2023,49,,,,,,,,,,,,,,,,,,,,,,
2023,56,1.3,,,,,20,30,30,20,,,,,,,,,,,,,
2023,61,,,,,,,,,,,,,,,,,,,,,,
2023,67,,,,,,,,,,,,,,,,,,,,,,
2023,68,1.25,,,,,,,,,,,,,,,,,,,,,
2023,80,1.23,.8620689655,3.7356321839,6.6091954023,11.7816091954,17.3850574713,22.9885057472,16.2356321839,12.0689655172,4.4540229885,3.0172413793,.8620689655,0,,,,,,,,,
2023,82,,,,,,,,,,,,,,,,,,,,,,
2023,85,1.4084971903,.8446117893,1.9437225133,4.7523402692,9.3001731564,14.5684028626,18.2679064106,18.3371144508,14.7346136939,9.4776990081,4.8798362285,2.011031542,.8825480753,,,,,,,,,
2023,88,1.3,,,2.5,10,15,30,15,15,10,2.5,,,,,,,,,,,
2023,89,1.5,0,0,2.5,2.5,7.5,22,23,20,15,5,2.5,0,,,,,,,,,
2023,93,,,,,,,,,,,,,,,,,,,,,,
2023,94,2.5,.5,1,1.5,2,3,4,8,22,28,18,10,2,,,,,,,,,
2023,95,1.5349554061,2.0146626108,3.9592968452,5.2730001594,7.8663173869,11.718716137,14.9458662446,16.5009384538,14.2511373623,10.9927606648,6.8298587875,3.4179395825,2.2295057652,,,,,,,,,
2023,96,,,,,,,,,,,,,,,,,,,,,,
2023,97,,,,,,,,,,,,,,,,,,,,,,
2023,98,1.7,,,,5,15,20,30,25,5,,,,,,,,,,,,
2023,99,1.5,,,,,,25,65,10,,,,,,,,,,,,,
2023,101,1.1,,,2.5,10,22.5,30,22.5,10,2.5,,,,,,,,,,,,
2023,102,,,,,,,,,,,,,,,,,,,,,,
2023,103,1.5,,,2.5,5,7.5,25,30,20,7.5,2.5,,,,,,,,,,,
2023,108,1.245,,,,5,23,46,26,,,,,,,,,,,,,,
2023,110,1.6,1.5881144049,1.8725738988,4.5543259286,8.066754252,12.0765996362,15.281597453,16.3446368805,14.7762909718,11.2911305024,7.2926684843,3.9811163549,2.8741912326,,,,,,,,,
2023,111,,,,,,,,,,,,,,,,,,,,,,
2023,112,2,,,,,5,10,20,30,20,10,5,,,,,,,,,,
2023,114,1.6,,3,5,7,12,15,35,15,5,3,,,,,,,,,,,
2023,115,,,,,,,,,,,,,,,,,,,,,,
2023,116,,0,0,0,2.5,7.5,25,30,25,7.5,2.5,0,0,,,,,,,,,
2023,118,1.2,,,,,,,,,,,,,,,,,,,,,
,,,,,,,,,,,,,,,,,,,,,,,
EXPECTED UNEMPLOYMENT RATE; PERCENTAGE OF LABOUR FORCE,,,,,,,,,,,,,,,,,,,,,,,
TARGET_PERIOD,FCT_SOURCE,POINT,T5_5,F5_5T5_9,F6_0T6_4,F6_5T6_9,F7_0T7_4,F7_5T7_9,F8_0T8_4,F8_5T8_9,F9_0T9_4,F9_5T9_9,F10_0T10_4,F10_5T10_9,F11_0T11_4,F11_5T11_9,F12_0T12_4,F12_5T12_9,F13_0T13_4,F13_5T13_9,F14_0T14_4,F14_5T14_9,F15_0
2018,1,8.3,,,,,,20,60,20,,,,,,,,,,,,,
2018,2,8.2,0,0,0,0,0,0,100,0,0,0,0,0,0,0,0,0,0,0,0,0,0
2018,4,8.2,,,,,,2.5,95,2.5,,,,,,,,,,,,,
2018,5,8.2,,,,,,,100,,,,,,,,,,,,,,
2018,6,8.2,,,,,,10,80,10,,,,,,,,,,,,,
2018,7,,,,,,,,,,,,,,,,,,,,,,
2018,15,8.2,,,,,,,100,,,,,,,,,,,,,,
2018,16,8.2,0,0,1,3,8,26,30,20,6,4,2,0,0,0,0,0,0,0,0,0,0
2018,20,8.2,,,,,,4,95,1,,,,,,,,,,,,,
2018,22,8.2,,,,,,25,65,10,,,,,,,,,,,,,
2018,23,8.2,,,,,,5,90,5,,,,,,,,,,,,,
2018,24,8.1941903092,,1,2,5,10,20,22,18,14,7,1,,,,,,,,,,
2018,26,8.2,,,,,,10,85,5,,,,,,,,,,,,,
2018,29,8.3,,,,,,10,50,30,10,,,,,,,,,,,,
2018,30,8.2,,,,,,25,70,5,,,,,,,,,,,,,
2018,32,8.2,0,0,0,0,0,.320159003,99.3575606618,.3222803352,0,0,0,0,0,0,0,0,0,0,0,0,0
2018,33,8.2,0,0,0,0,5,12,36,24,14,9,0,0,0,0,0,0,0,0,0,0,0
2018,35,,,,,,,10,80,10,,,,,,,,,,,,,
2018,36,8.1,,,,,,20,70,10,,,,,,,,,,,,,
2018,37,8.2,,,,,,1,98,1,,,,,,,,,,,,,
2018,38,8.2,,,,,,,90,10,,,,,,,,,,,,,
2018,39,8.2,,,,,5,25,50,15,5,,,,,,,,,,,,
2018,41,,,,,,,,,,,,,,,,,,,,,,
2018,45,6.923243,,,,,,,,,,,,,,,,,,,,,
2018,47,8.3,,,,,,5,80,15,,,,,,,,,,,,,
2018,48,8.2,,,,,,,,,,,,,,,,,,,,,
2018,49,8.5,,,,,,,,,,,,,,,,,,,,,
2018,56,8.3,,,,,,,10,80,10,,,,,,,,,,,,
2018,61,8.2,,,,,,5,90,5,,,,,,,,,,,,,
2018,67,,,,,,,,,,,,,,,,,,,,,,
2018,68,8.3,,,,,,,,,,,,,,,,,,,,,
2018,80,8.4,0,0,0,0,0,0,69.5035460993,30.4964539007,0,0,0,0,0,0,0,0,0,0,0,0,0
2018,82,8.3,,,,,,,,,,,,,,,,,,,,,
2018,85,8.2869481988,0,0,0,0,.0000000001,.0982123368,81.6130026535,18.2887381564,.0000468532,0,0,0,0,0,0,0,0,0,0,0,0
2018,88,8.2625539229,,,8,10.5,12.5,15,12,10,9,8,6.5,5,2.5,1,,,,,,,
2018,89,8,,,,2.5,5,25,33,20,5.5,4,3,2,0,,,,,,,,
2018,93,8.3,,,,,,5,80,15,,,,,,,,,,,,,
2018,94,8.2,,,.5,1,1.5,14.5,70,6,3,2,1,.5,,,,,,,,,
2018,95,8.1593519428,.0002172873,.6087819272,2.4413172893,9.1802762913,15.5080476957,19.3406786142,21.1802729969,10.9234664027,6.6039814632,5.8519432255,4.1996316782,2.5444954672,.7838840248,.4688280661,.2043635177,.1024882535,.0481087957,.0080523584,.0010496587,.0001065613,.0000084251
2018,96,8.2,,,,,5,25,40,20,10,,,,,,,,,,,,
2018,97,8.4,,,,,,,,,,,,,,,,,,,,,
2018,98,8.2,,,,,,,70,30,,,,,,,,,,,,,
2018,99,8.2,,,,,,,100,,,,,,,,,,,,,,
2018,101,8.3,,,,,,5,80,15,,,,,,,,,,,,,
2018,102,8.3,,,,,,,,,,,,,,,,,,,,,
2018,103,8.3,,,,,,10,75,15,,,,,,,,,,,,,
2018,108,8.623412,,,,,,,40,50,10,,,,,,,,,,,,
2018,110,8.3,0,0,0,0,.0000000118,.0048310424,7.1809072302,76.3295762621,16.4523891358,.0322960695,.0000002482,0,0,0,0,0,0,0,0,0,0
2018,111,8.1,,,,,,,,,,,,,,,,,,,,,
2018,112,8,,,,5,10,25,30,15,10,5,,,,,,,,,,,
2018,114,8.2,,,,,,,,,,,,,,,,,,,,,
2018,115,8.4,.8670273417,1.5022453856,3.2646205131,6.0742602409,9.6767916925,13.1993674323,15.415687394,15.4156873939,13.1993674323,9.6767916925,6.0742602409,3.2646205131,1.5022453856,.5918443949,.1996275575,.0576455599,.0142504383,.0030157182,.0005463053,.0000847117,.0000126558
2018,116,8.2,0,0,0,0,0,20,55,20,5,0,0,0,0,0,0,0,0,0,0,0,0
2018,118,8.3,,,,,,,,,,,,,,,,,,,,,
2019,1,8,,,,5,15,25,30,20,5,,,,,,,,,,,,
2019,2,7.6,0,0,0,0,20,80,0,0,0,0,0,0,0,0,0,0,0,0,0,0,0
2019,4,7.9,,,,,15,50,30,5,,,,,,,,,,,,,
2019,5,8.05,,,,,,35,60,5,,,,,,,,,,,,,
2019,6,7.5,,,,,20,60,20,,,,,,,,,,,,,,
2019,7,,,,,,,,,,,,,,,,,,,,,,
2019,15,7.9,,,,,10,45,35,10,,,,,,,,,,,,,
2019,16,7.8,2,5,7,10,16,20,15,10,7,5,2,1,0,0,0,0,0,0,0,0,0
2019,20,7.7,,,,,25,50,20,5,,,,,,,,,,,,,
2019,22,7.7,,,,,20,50,20,10,,,,,,,,,,,,,
2019,23,7.6,,,,5,30,32,22,10,1,,,,,,,,,,,,
2019,24,7.6041270915,2,3,8,12,18,20,15,12,6,3,1,,,,,,,,,,
2019,26,7.5,,,5,20,25,25,15,7,3,,,,,,,,,,,,
2019,29,8,,,,,,20,50,20,10,,,,,,,,,,,,
2019,30,7.5,,,,,10,70,20,,,,,,,,,,,,,,
2019,32,7.7,0,.0067916808,.3142143428,4.7772930421,24.1798356156,41.4287361475,24.1902609719,4.7814379097,.3146266042,.0067570471,.0000465368,.0000001014,.0000000001,0,0,0,0,0,0,0,0
2019,33,7.8,0,0,0,3,13,30,27,14,10,3,0,0,0,0,0,0,0,0,0,0,0
2019,35,,,,,,,,,,,,,,,,,,,,,,
2019,36,7.5,,,,10,20,50,20,,,,,,,,,,,,,,
2019,37,7.8,,,,,6,50,44,,,,,,,,,,,,,,
2019,38,7.8,,,,,,60,40,,,,,,,,,,,,,,
2019,39,7.9,,,,5,15,40,25,10,5,,,,,,,,,,,,
2019,41,,,,,,,,,,,,,,,,,,,,,,
2019,45,6.594427,,,,,,,,,,,,,,,,,,,,,
2019,47,8,,,,,5,25,45,15,5,5,,,,,,,,,,,
2019,48,7.8,,,,,,,,,,,,,,,,,,,,,
2019,49,7.9,,,,,,,,,,,,,,,,,,,,,
2019,56,8,,,,,,10,80,10,,,,,,,,,,,,,
2019,61,7.7,,,,,10,50,30,10,,,,,,,,,,,,,
2019,67,,,,,,,,,,,,,,,,,,,,,,
2019,68,7.8,,,,,,,,,,,,,,,,,,,,,
2019,80,8,0,0,.4255319149,1.8439716312,12.4822695035,31.0638297872,32.340425532,17.1631205674,4.2553191489,.4255319149,0,0,0,0,0,0,0,0,0,0,0
2019,82,7.9,,,,,,,,,,,,,,,,,,,,,
2019,85,7.8196256884,.0000000055,.0000153523,.007649438,.7019971503,12.4473058487,45.3286043479,35.4292771743,5.8869417083,.1969563791,.001251148,.0000014473,.0000000003,0,0,0,0,0,0,0,0,0
2019,88,7.75,,8,10.5,12.5,15,12,10,9,8,6.5,5,2.5,1,,,,,,,,
2019,89,7.6,,,,2.5,25,30,24.5,10,5,2,1,,,,,,,,,,
2019,93,7.9,,,,,2.5,52.5,42.5,2.5,,,,,,,,,,,,,
2019,94,7.8,2,4,6.5,9,18,26,10,7,5,4,3,2.5,1.5,1,.5,,,,,,
2019,95,7.6418326827,2.2815562845,6.7671195111,9.2591300491,11.9880838254,17.1502628963,18.229048478,13.333419911,7.8099391756,4.4133322242,2.5625535355,1.8657819893,1.2377248879,.9556742314,.8185657385,.5120805295,.4737216814,.2128568724,.0855849002,.030792977,.0099140537,.002856248
2019,96,7.8,,,2,5,15,35,25,10,5,3,,,,,,,,,,,
2019,97,8,,,,,,,,,,,,,,,,,,,,,
2019,98,7.9,,,,,,40,45,15,,,,,,,,,,,,,
2019,99,7.8,,,,,,85,15,,,,,,,,,,,,,,
2019,101,7.7,,,,5,20,50,20,5,,,,,,,,,,,,,
2019,102,7.9,,,,,,,,,,,,,,,,,,,,,
2019,103,7.9,,,,,10,35,30,20,5,,,,,,,,,,,,
2019,108,8.46343549999999,,,,,,9,42,44,5,,,,,,,,,,,,
2019,110,7.8,.0000185739,.0014691381,.0527331868,.8595891118,6.4072130854,21.9800843183,34.871373882,25.6367347527,8.7221111601,1.3672793987,.0981422934,.0032035414,.0000472435,.000000313,.0000000009,0,0,0,0,0,0
2019,111,,,,,,,,,,,,,,,,,,,,,,
2019,112,7.6,,,5,10,20,30,20,10,5,,,,,,,,,,,,
2019,114,8,,,,,,,,,,,,,,,,,,,,,
2019,115,8.1,1.6118248855,2.4383062394,4.8274776335,8.1832620561,11.8771996371,14.760063664,15.7055091183,14.3089014594,11.1621986107,7.4555366742,4.2637153208,2.0877090209,.8752146882,.3141308636,.0965261042,.0253923143,.0057182989,.0011023536,.0001819055,.0000256934,.0000034584
2019,116,7.9,0,0,0,0,5,40,40,10,5,0,0,0,0,0,0,0,0,0,0,0,0
2019,118,8.1,,,,,,,,,,,,,,,,,,,,,
2019Aug,1,8,,,,1,4,25,45,20,4,1,,,,,,,,,,,
2019Aug,2,7.6,0,0,0,0,20,80,0,0,0,0,0,0,0,0,0,0,0,0,0,0,0
2019Aug,4,7.8,,,,,25,40,30,5,,,,,,,,,,,,,
2019Aug,5,8.0375,,,,,5,35,50,7.5,2.5,,,,,,,,,,,,
2019Aug,6,7.8,,,,,10,60,30,,,,,,,,,,,,,,
2019Aug,7,,,,,,,,,,,,,,,,,,,,,,
2019Aug,15,8,,,,,15,30,35,15,5,,,,,,,,,,,,
2019Aug,16,7.8,2,5,7,10,14,20,17,10,7,5,2,1,0,0,0,0,0,0,0,0,0
2019Aug,20,7.7,,,,,25,50,20,5,,,,,,,,,,,,,
2019Aug,22,7.8,,,,,20,45,25,10,,,,,,,,,,,,,
2019Aug,23,7.5,,,,,10,39,35,15,1,,,,,,,,,,,,
2019Aug,24,7.5425858972,2,3,8,12,22,20,14,11,4,3,1,,,,,,,,,,
2019Aug,26,7.4,,,5,10,45,25,10,5,,,,,,,,,,,,,
2019Aug,29,8,,,,,,20,50,20,10,,,,,,,,,,,,
2019Aug,30,7.9,,,,,,,,,,,,,,,,,,,,,
2019Aug,32,7.7,,,,,,,,,,,,,,,,,,,,,
2019Aug,33,7.8,,,,,,,,,,,,,,,,,,,,,
2019Aug,35,,,,,,,,,,,,,,,,,,,,,,
2019Aug,36,7.5,,,,10,20,50,20,,,,,,,,,,,,,,
2019Aug,37,7.8,,,,,1,58,40,1,,,,,,,,,,,,,
2019Aug,38,,,,,,,,,,,,,,,,,,,,,,
2019Aug,39,7.9,,,,,15,40,30,15,,,,,,,,,,,,,
2019Aug,41,,,,,,,,,,,,,,,,,,,,,,
2019Aug,45,,,,,,,,,,,,,,,,,,,,,,
2019Aug,47,7.9,,,,,,,,,,,,,,,,,,,,,
2019Aug,48,7.8,,,,,,,,,,,,,,,,,,,,,
2019Aug,49,8.4,,,,,,,,,,,,,,,,,,,,,
2019Aug,56,7.8,,,,,,10,80,10,,,,,,,,,,,,,
2019Aug,61,7.6,,,,,15,40,35,10,,,,,,,,,,,,,
2019Aug,67,,,,,,,,,,,,,,,,,,,,,,
2019Aug,68,7.7,,,,,,,,,,,,,,,,,,,,,
2019Aug,80,,,,,,,,,,,,,,,,,,,,,,
2019Aug,82,7.9,,,,,,,,,,,,,,,,,,,,,
2019Aug,85,7.7798232642,0,0,.0000000432,.0046085459,4.5649605418,65.7674645892,29.3707062052,.2922280457,.000032029,0,0,0,0,0,0,0,0,0,0,0,0
2019Aug,88,7.9,1.67270669,3.4732707823,6.2313721272,9.6596539604,12.9383033339,14.9738802948,20.0000000001,12.9383033339,9.6596539604,6.452855517,1,1,0,0,0,0,0,0,0,0,0
2019Aug,89,7.7,,,,2.5,25,34,24,10,3,1,.5,,,,,,,,,,
2019Aug,93,7.7,,,,2.5,15,60,22.5,,,,,,,,,,,,,,
2019Aug,94,7.8,2,4,6.5,9,18,26,10,7,5,4,3,2.5,1.5,1,.5,,,,,,
2019Aug,95,7.685693861,7.4752585504,8.801874512,8.9825674846,10.5301469313,12.235556476,12.8432644295,8.5602278891,7.8858430659,6.9606394309,5.4426489181,4.3312280412,2.2562601424,1.5988173407,1.0138030325,.5752456981,.2920775861,.1327052607,.0539539327,.0196292239,.0063904025,.0018616514
2019Aug,96,8,,,2,5,15,25,30,15,5,3,,,,,,,,,,,
2019Aug,97,,,,,,,,,,,,,,,,,,,,,,
2019Aug,98,8,,,,,5,35,35,20,5,,,,,,,,,,,,
2019Aug,99,,,,,,,,,,,,,,,,,,,,,,
2019Aug,101,7.6,,,,,,,,,,,,,,,,,,,,,
2019Aug,102,,,,,,,,,,,,,,,,,,,,,,
2019Aug,103,,,,,,,,,,,,,,,,,,,,,,
2019Aug,108,8.168079,,,,,,15,47,38,,,,,,,,,,,,,
2019Aug,110,8,.0049009432,.0535766329,.4117828305,2.1021503459,7.1336865552,16.1030422862,24.1908604061,24.190860406,16.1030422862,7.1336865552,2.1021503459,.4117828305,.0535766329,.004625856,.000264792,.0000100392,.0000002519,.0000000042,0,0,0
2019Aug,111,,,,,,,,,,,,,,,,,,,,,,
2019Aug,112,7.8,,,5,10,20,30,20,10,5,,,,,,,,,,,,
2019Aug,114,8,,,,,,,,,,,,,,,,,,,,,
2019Aug,115,,,,,,,,,,,,,,,,,,,,,,
2019Aug,116,7.9,0,0,0,0,5,40,40,10,5,0,0,0,0,0,0,0,0,0,0,0,0
2019Aug,118,8.1,,,,,,,,,,,,,,,,,,,,,
2020,1,7.8,,,4,10,20,30,20,10,4,2,,,,,,,,,,,
2020,2,7.3,0,0,0,0,70,30,0,0,0,0,0,0,0,0,0,0,0,0,0,0,0
2020,4,7.7,,,,5,20,30,20,10,7.5,5,2.5,,,,,,,,,,
2020,5,7.9875,,,,5,10,35,30,12.5,7.5,,,,,,,,,,,,
2020,6,7.2,,,,10,60,30,,,,,,,,,,,,,,,
2020,7,,,,,,,,,,,,,,,,,,,,,,
2020,15,7.8,,,,5,15,45,25,10,,,,,,,,,,,,,
2020,16,7.7,1,5,7,11,16,19,13,10,7,5,3,2,1,0,0,0,0,0,0,0,0
2020,20,7.3,,,,20,40,25,10,5,,,,,,,,,,,,,
2020,22,7.3,,,,15,40,30,15,,,,,,,,,,,,,,
2020,23,7.1,,,,24,28,21,15,10,2,,,,,,,,,,,,
2020,24,7.3459350315,6,8,12,15,16,12,11,7,5,3,2,2,1,,,,,,,,
2020,26,7,2,7,15,25,25,15,7,3,1,,,,,,,,,,,,
2020,29,7.9,,,,,10,40,30,20,,,,,,,,,,,,,
2020,30,7.2,,,,10,60,30,,,,,,,,,,,,,,,
2020,32,7.4,0,.151851333,2.455132659,15.2718572177,36.1830968271,32.8870017229,11.4572804255,1.5170218217,.0753628529,.0013857958,.0000093217,.0000000227,0,0,0,0,0,0,0,0,0
2020,33,8,,,,,,,,,,,,,,,,,,,,,
2020,35,,,,,,,,,,,,,,,,,,,,,,
2020,36,7,,,,20,40,30,10,,,,,,,,,,,,,,
2020,37,7.6,,,,5,42,50,3,,,,,,,,,,,,,,
2020,38,7.5,,,,,10,80,10,,,,,,,,,,,,,,
2020,39,7.8,,,,5,15,45,20,10,5,,,,,,,,,,,,
2020,41,,,,,,,,,,,,,,,,,,,,,,
2020,45,6.396557,,,,,,,,,,,,,,,,,,,,,
2020,47,,,,,,,,,,,,,,,,,,,,,,
2020,48,7.6,,,,,,,,,,,,,,,,,,,,,
2020,49,7.6,,,,,,,,,,,,,,,,,,,,,
2020,56,7.5,,,,,10,40,40,10,,,,,,,,,,,,,
2020,61,,,,,,,,,,,,,,,,,,,,,,
2020,67,,,,,,,,,,,,,,,,,,,,,,
2020,68,,,,,,,,,,,,,,,,,,,,,,
2020,80,7,0,.5673758865,1.9858156028,6.524822695,15.6028368794,25.9574468086,24.3971631206,16.7375886525,6.0992907801,1.8439716312,.2836879433,0,0,0,0,0,0,0,0,0,0
2020,82,7.6,,,,,,,,,,,,,,,,,,,,,
2020,85,7.5154330245,.1255357071,.9250846626,4.5020548493,13.412237111,24.4860522469,27.4118484096,18.819710229,7.9207753281,2.0418306453,.3219729586,.0310101388,.0018211729,.0000651074,.0000014146,.0000000187,.0000000001,0,0,0,0,0
2020,88,7.35,9,10,12,13,11,10,9,8,8,6,3,1,,,,,,,,,
2020,89,7.2,,,8,15,43,20,6,5,2,1,,,,,,,,,,,
2020,93,7.3,,,,8.5,55.5,35,1,,,,,,,,,,,,,,
2020,94,7.7,3,5,8,12,14,23,11,8,6,3.5,3,2,1,.5,,,,,,,
2020,95,7.234562738,7.0825631509,8.8679687889,10.7105310171,12.7405338677,18.7539617891,16.6271545581,10.1603769329,7.4429841336,3.5122953719,1.8220222434,1.2368568743,.7081266696,.1556115556,.0964489982,.0674296808,.012949864,.0019368933,.0002256174,.0000204675,.0000014461,.0000000796
2020,96,7.4,,,7,15,35,25,10,5,3,,,,,,,,,,,,
2020,97,,,,,,,,,,,,,,,,,,,,,,
2020,98,8,,,,5,10,30,35,15,5,,,,,,,,,,,,
2020,99,7.5,,,,,40,60,,,,,,,,,,,,,,,
2020,101,7.3,,,5,10,38,32,10,5,,,,,,,,,,,,,
2020,102,7.8,,,,,,,,,,,,,,,,,,,,,
2020,103,,,,,,,,,,,,,,,,,,,,,,
2020,108,8.214726,,,,,,12,47,41,,,,,,,,,,,,,
2020,110,7.5,1.055370934,2.1976261534,5.0705226966,9.4918788993,14.4169447827,17.7676565343,17.7676565342,14.4169447827,9.4918788993,5.0705226966,2.1976261534,.7727304997,.2204155678,.0509985815,.0095704581,.0014565305,.0001797501,.0000179858,.000001459,.0000000959,.0000000051
2020,111,,,,,,,,,,,,,,,,,,,,,,
2020,112,7.5,,,5,10,20,30,20,10,5,,,,,,,,,,,,
2020,114,8.2,,,,,,,,,,,,,,,,,,,,,
2020,115,,,,,,,,,,,,,,,,,,,,,,
2020,116,,,,,,,,,,,,,,,,,,,,,,
2020,118,8.1,,,,,,,,,,,,,,,,,,,,,
2020Aug,1,7.8,,,1,4,15,30,25,18,5,2,,,,,,,,,,,
2020Aug,2,7.1,0,0,0,20,60,20,0,0,0,0,0,0,0,0,0,0,0,0,0,0,0
2020Aug,4,7.6,,,,5,20,30,20,10,7.5,5,2.5,,,,,,,,,,
2020Aug,5,7.9375,,,,5,15,35,25,12.5,7.5,,,,,,,,,,,,
2020Aug,6,7.4,,,,10,60,30,,,,,,,,,,,,,,,
2020Aug,7,,,,,,,,,,,,,,,,,,,,,,
2020Aug,15,7.8,,,,5,15,45,25,10,,,,,,,,,,,,,
2020Aug,16,7.7,2,4,6,9,15,19,14,10,8,6,4,2,1,0,0,0,0,0,0,0,0
2020Aug,20,7.3,,,,25,35,25,10,5,,,,,,,,,,,,,
2020Aug,22,7.4,,,,10,40,35,15,,,,,,,,,,,,,,
2020Aug,23,7.1,,,,20,28,23,19,8,2,,,,,,,,,,,,
2020Aug,24,7.2294631171,8,8,14,16,17,10,8,6,5,3,2,2,1,,,,,,,,
2020Aug,26,7,,5,17,30,27,10,5,3,2,1,,,,,,,,,,,
2020Aug,29,7.9,,,,,10,40,30,20,,,,,,,,,,,,,
2020Aug,30,7.2,,,,,,,,,,,,,,,,,,,,,
2020Aug,32,7.4,,,,,,,,,,,,,,,,,,,,,
2020Aug,33,8,,,,,,,,,,,,,,,,,,,,,
2020Aug,35,,,,,,,,,,,,,,,,,,,,,,
2020Aug,36,7,,,,20,40,30,10,,,,,,,,,,,,,,
2020Aug,37,7.6,,,,2,38,55,5,,,,,,,,,,,,,,
2020Aug,38,,,,,,,,,,,,,,,,,,,,,,
2020Aug,39,7.8,,,,,20,45,20,10,5,,,,,,,,,,,,
2020Aug,41,,,,,,,,,,,,,,,,,,,,,,
2020Aug,45,,,,,,,,,,,,,,,,,,,,,,
2020Aug,47,,,,,,,,,,,,,,,,,,,,,,
2020Aug,48,7.5,,,,,,,,,,,,,,,,,,,,,
2020Aug,49,7.9,,,,,,,,,,,,,,,,,,,,,
2020Aug,56,7.6,,,,,10,40,40,10,,,,,,,,,,,,,
2020Aug,61,,,,,,,,,,,,,,,,,,,,,,
2020Aug,67,,,,,,,,,,,,,,,,,,,,,,
2020Aug,68,,,,,,,,,,,,,,,,,,,,,,
2020Aug,80,,,,,,,,,,,,,,,,,,,,,,
2020Aug,82,,,,,,,,,,,,,,,,,,,,,,
2020Aug,85,7.5328989857,.0003555919,.0289802142,.8245030526,8.2822896017,29.8459048601,39.0372383066,18.5842655278,3.1964283893,.1958001971,.0042030156,.0000311641,.0000000789,.0000000001,0,0,0,0,0,0,0,0
2020Aug,88,7.5,,10,13,16,18,10,9,7,6,5,4,2,,,,,,,,,
2020Aug,89,7.4,,,8,15,33,28,8,5,2,1,,,,,,,,,,,
2020Aug,93,7.3,,,,8.5,55.5,35,1,,,,,,,,,,,,,,
2020Aug,94,7.7,3,5,8,12,14,23,11,8,6,3.5,3,2,1,.5,,,,,,,
2020Aug,95,7.304394308,6.565932765,10.5232958996,11.9224727899,13.5170690337,14.469359189,15.4459530912,9.1267155512,5.0412247021,5.1046355027,4.025499687,2.4723003895,1.1825215307,.4404973053,.1277920493,.0288729257,.0050804728,.0006962158,.0000743036,.0000061759,.0000003998,.0000000202
2020Aug,96,7.5,,3,6,10,25,30,15,8,3,,,,,,,,,,,,
2020Aug,97,,,,,,,,,,,,,,,,,,,,,,
2020Aug,98,8,,,,5,10,35,35,10,5,,,,,,,,,,,,
2020Aug,99,,,,,,,,,,,,,,,,,,,,,,
2020Aug,101,7.3,,,,,,,,,,,,,,,,,,,,,
2020Aug,102,,,,,,,,,,,,,,,,,,,,,,
2020Aug,103,,,,,,,,,,,,,,,,,,,,,,
2020Aug,108,7.899958,,,,,4,21,51,24,,,,,,,,,,,,,
2020Aug,110,7.6,1.6809020734,2.6268151848,5.2450988783,8.8830350037,12.7603104968,15.5474546328,16.0678898302,14.085116253,10.4727771755,6.6047774966,3.5329852023,1.6028857704,.6167765398,.2012809814,.0557070624,.0130746925,.0026022308,.0004391685,.000062844,.0000076247,.0000008581
2020Aug,111,,,,,,,,,,,,,,,,,,,,,,
2020Aug,112,7.5,,,5,10,20,30,20,10,5,,,,,,,,,,,,
2020Aug,114,8.2,,,,,,,,,,,,,,,,,,,,,
2020Aug,115,,,,,,,,,,,,,,,,,,,,,,
2020Aug,116,,0,0,0,0,5,40,40,10,5,0,0,0,0,0,0,0,0,0,0,0,0
2020Aug,118,8.1,,,,,,,,,,,,,,,,,,,,,
2023,1,7.7,1,4,5,10,15,20,15,10,8,6,3,2,1,,,,,,,,
2023,2,8,0,0,0,0,20,40,40,0,0,0,0,0,0,0,0,0,0,0,0,0,0
2023,4,7,2.5,5,10,15,15,15,10,5,2.5,2.5,2.5,2.5,2.5,2.5,2.5,2.5,2.5,,,,
2023,5,8.2,,,,,10,30,35,10,7.5,5,2.5,,,,,,,,,,
2023,6,7.5,,,,,20,60,20,,,,,,,,,,,,,,
2023,7,,,,,,,,,,,,,,,,,,,,,,
2023,15,7.6,,,5,10,25,35,15,5,5,,,,,,,,,,,,
2023,16,7.5,5,6,10,12,15,17,12,8,6,5,3,1,0,0,0,0,0,0,0,0,0
2023,20,6.8,2,8,20,25,20,10,6,4,3,2,,,,,,,,,,,
2023,22,7,,,5,15,35,25,15,5,,,,,,,,,,,,,
2023,23,6.8,1,4,12,23,20,15,10,7,5,2,1,,,,,,,,,,
2023,24,7.3009518802,8,8,14,16,17,10,8,6,5,3,2,2,1,,,,,,,,
2023,26,6.7,10,16,17,22,15,8,6,3,2,1,,,,,,,,,,,
2023,29,7.8,,,,,20,40,30,10,,,,,,,,,,,,,
2023,30,6,,,,,,,,,,,,,,,,,,,,,
2023,32,,,,,,,,,,,,,,,,,,,,,,
2023,33,8.1,0,0,1,4,7,12,20,16,14,12,7,4,2,1,0,0,0,0,0,0,0
2023,35,,,,,,,,,,,,,,,,,,,,,,
2023,36,6,,10,30,30,20,10,,,,,,,,,,,,,,,
2023,37,6.9,,2,25,35,27,10,1,,,,,,,,,,,,,,
2023,38,7,,,,40,50,10,,,,,,,,,,,,,,,
2023,39,8,,,,,15,35,20,15,10,5,,,,,,,,,,,
2023,41,,,,,,,,,,,,,,,,,,,,,,
2023,45,,,,,,,,,,,,,,,,,,,,,,
2023,47,,,,,,,,,,,,,,,,,,,,,,
2023,48,,,,,,,,,,,,,,,,,,,,,,
2023,49,,,,,,,,,,,,,,,,,,,,,,
2023,56,7.5,,,,10,20,20,20,20,10,,,,,,,,,,,,
2023,61,,,,,,,,,,,,,,,,,,,,,,
2023,67,,,,,,,,,,,,,,,,,,,,,,
2023,68,,,,,,,,,,,,,,,,,,,,,,
2023,80,7.9,.5673758865,1.5602836879,3.9716312057,9.7872340426,15.8865248227,19.7163120567,20.4255319149,15.7446808511,7.3758865248,3.5460992908,.9929078014,.2836879433,.1418439716,0,0,0,0,0,0,0,0
2023,82,,,,,,,,,,,,,,,,,,,,,,
2023,85,7.8,1.113548948,2.4049342825,5.6026387421,10.4471749428,15.5936322546,18.6317852368,17.8208272835,13.6447504067,8.3628929142,4.1028017942,1.611049636,.5062967411,.1273284754,.0256224324,.0041251014,.0005312626,.0000547245,.000004508,.0000002969,.0000000156,.0000000007
2023,88,7.1,9,13,16,18,10,9,7,6,5,4,2,1,,,,,,,,,
2023,89,6.7,,,23,54,17,4,1,.5,.5,,,,,,,,,,,,
2023,93,,,,,,,,,,,,,,,,,,,,,,
2023,94,7.3,4,8,12,20,22,10,7,5,4,3,2,1,1,.5,.5,,,,,,
2023,95,7.0565592447,6.914120955,10.5603966264,14.3902743727,18.310950265,20.6025322681,10.2291772539,7.1777845981,3.6929086282,2.9900893878,2.1664308857,1.4045932049,.8148944222,.4230553434,.1965341759,.0817003725,.0303917039,.0101165194,.0030133685,.0008031903,.000191571,.0000408871
2023,96,,,,,,,,,,,,,,,,,,,,,,
2023,97,,,,,,,,,,,,,,,,,,,,,,
2023,98,8,,,5,10,10,20,25,15,10,5,,,,,,,,,,,
2023,99,7.5,,,,,30,60,10,,,,,,,,,,,,,,
2023,101,6.9,5,10,15,20,20,15,10,2,2,1,,,,,,,,,,,
2023,102,,,,,,,,,,,,,,,,,,,,,,
2023,103,,,,,,,,,,,,,,,,,,,,,,
2023,108,8.10755825,,,,,5,12,47,36,,,,,,,,,,,,,
2023,110,8.1,2.6652077517,2.8228473236,4.7860409834,7.2693229113,9.8910425368,12.056527708,13.1654428803,12.8790010293,11.286577136,8.8608431787,6.2318842331,3.9263906992,2.2161298958,1.1205254495,.5075394476,.2059376366,.0748540517,.0243727177,.0071088057,.0018573253,.0005462987
2023,111,,,,,,,,,,,,,,,,,,,,,,
2023,112,8,,,,5,10,20,30,20,10,5,,,,,,,,,,,
2023,114,9.3,,,,,,,,,,,,,,,,,,,,,
2023,115,,,,,,,,,,,,,,,,,,,,,,
2023,116,7.8,0,0,2.5,10,35,35,10,5,2.5,0,0,0,0,0,0,0,0,0,0,0,0
2023,118,7.8,,,,,,,,,,,,,,,,,,,,,
,,,,,,,,,,,,,,,,,,,,,,,
ASSUMPTIONS,,,,,,,,,,,,,,,,,,,,,,,
TARGET_PERIOD,FCT_SOURCE,OIL,IR,USD,LAB,,,,,,,,,,,,,,,,,,
2018,1,,,,,,,,,,,,,,,,,,,,,,
2018,2,,,,2.3,,,,,,,,,,,,,,,,,,
2018,4,,,,,,,,,,,,,,,,,,,,,,
2018,5,,,,,,,,,,,,,,,,,,,,,,
2018,6,,,,2.3,,,,,,,,,,,,,,,,,,
2018,7,,,,,,,,,,,,,,,,,,,,,,
2018,15,,,,,,,,,,,,,,,,,,,,,,
2018,16,,,,2,,,,,,,,,,,,,,,,,,
2018,20,,,,,,,,,,,,,,,,,,,,,,
2018,22,,,,2.2,,,,,,,,,,,,,,,,,,
2018,23,,,,2.3,,,,,,,,,,,,,,,,,,
2018,24,,,,2.3790419157,,,,,,,,,,,,,,,,,,
2018,26,,,,,,,,,,,,,,,,,,,,,,
2018,29,,,,2.2,,,,,,,,,,,,,,,,,,
2018,30,,,,,,,,,,,,,,,,,,,,,,
2018,32,,,,,,,,,,,,,,,,,,,,,,
2018,33,,,,2.3,,,,,,,,,,,,,,,,,,
2018,35,,,,,,,,,,,,,,,,,,,,,,
2018,36,,,,2.5,,,,,,,,,,,,,,,,,,
2018,37,,,,,,,,,,,,,,,,,,,,,,
2018,38,,,,1.2,,,,,,,,,,,,,,,,,,
2018,39,,,,2,,,,,,,,,,,,,,,,,,
2018,41,,,,,,,,,,,,,,,,,,,,,,
2018,45,,,,,,,,,,,,,,,,,,,,,,
2018,47,,,,,,,,,,,,,,,,,,,,,,
2018,48,,,,,,,,,,,,,,,,,,,,,,
2018,49,,,,,,,,,,,,,,,,,,,,,,
2018,56,,,,,,,,,,,,,,,,,,,,,,
2018,61,,,,,,,,,,,,,,,,,,,,,,
2018,67,,,,,,,,,,,,,,,,,,,,,,
2018,68,,,,,,,,,,,,,,,,,,,,,,
2018,80,,,,,,,,,,,,,,,,,,,,,,
2018,82,,,,2.1,,,,,,,,,,,,,,,,,,
2018,85,,,,,,,,,,,,,,,,,,,,,,
2018,88,,,,,,,,,,,,,,,,,,,,,,
2018,89,,,,,,,,,,,,,,,,,,,,,,
2018,93,,,,,,,,,,,,,,,,,,,,,,
2018,94,,,,2.4,,,,,,,,,,,,,,,,,,
2018,95,,,,1.15,,,,,,,,,,,,,,,,,,
2018,96,,,,,,,,,,,,,,,,,,,,,,
2018,97,,,,,,,,,,,,,,,,,,,,,,
2018,98,,,,2.1,,,,,,,,,,,,,,,,,,
2018,99,,,,2.3,,,,,,,,,,,,,,,,,,
2018,101,,,,2,,,,,,,,,,,,,,,,,,
2018,102,,,,1.9,,,,,,,,,,,,,,,,,,
2018,103,,,,2.3,,,,,,,,,,,,,,,,,,
2018,108,,,,3.390025,,,,,,,,,,,,,,,,,,
2018,110,,,,,,,,,,,,,,,,,,,,,,
2018,111,,,,,,,,,,,,,,,,,,,,,,
2018,112,,,,1.6,,,,,,,,,,,,,,,,,,
2018,114,,,,2.2,,,,,,,,,,,,,,,,,,
2018,115,,,,,,,,,,,,,,,,,,,,,,
2018,116,,,,,,,,,,,,,,,,,,,,,,
2018,118,,,,2.3,,,,,,,,,,,,,,,,,,
2018Q4,1,,0,,,,,,,,,,,,,,,,,,,,
2018Q4,2,82,0,1.18,,,,,,,,,,,,,,,,,,,
2018Q4,4,77.4,0,1.17,,,,,,,,,,,,,,,,,,,
2018Q4,5,,0,,,,,,,,,,,,,,,,,,,,
2018Q4,6,82,0,1.16,,,,,,,,,,,,,,,,,,,
2018Q4,7,73.47,0,1.17,,,,,,,,,,,,,,,,,,,
2018Q4,15,78,,1.19,,,,,,,,,,,,,,,,,,,
2018Q4,16,80,0,1.17,,,,,,,,,,,,,,,,,,,
2018Q4,20,75,0,1.18,,,,,,,,,,,,,,,,,,,
2018Q4,22,70,0,1.15,,,,,,,,,,,,,,,,,,,
2018Q4,23,85,0,1.16,,,,,,,,,,,,,,,,,,,
2018Q4,24,80,0,1.17,,,,,,,,,,,,,,,,,,,
2018Q4,26,85,0,1.18,,,,,,,,,,,,,,,,,,,
2018Q4,29,75,0,1.15,,,,,,,,,,,,,,,,,,,
2018Q4,30,,,,,,,,,,,,,,,,,,,,,,
2018Q4,32,77.9,0,1.17,,,,,,,,,,,,,,,,,,,
2018Q4,33,86,0,1.1494252874,,,,,,,,,,,,,,,,,,,
2018Q4,35,,,,,,,,,,,,,,,,,,,,,,
2018Q4,36,85,0,1.2,,,,,,,,,,,,,,,,,,,
2018Q4,37,84,0,1.16,,,,,,,,,,,,,,,,,,,
2018Q4,38,77,0,1.14,,,,,,,,,,,,,,,,,,,
2018Q4,39,80,0,1.1536,,,,,,,,,,,,,,,,,,,
2018Q4,41,77,0,1.16,,,,,,,,,,,,,,,,,,,
2018Q4,45,,,,,,,,,,,,,,,,,,,,,,
2018Q4,47,80,0,1.16,,,,,,,,,,,,,,,,,,,
2018Q4,48,85,0,1.12,,,,,,,,,,,,,,,,,,,
2018Q4,49,,0,,,,,,,,,,,,,,,,,,,,
2018Q4,56,85,0,1.15,,,,,,,,,,,,,,,,,,,
2018Q4,61,79.5,0,1.17,,,,,,,,,,,,,,,,,,,
2018Q4,67,,,,,,,,,,,,,,,,,,,,,,
2018Q4,68,85.5,0,1.15,,,,,,,,,,,,,,,,,,,
2018Q4,80,74.6,0,1.17,,,,,,,,,,,,,,,,,,,
2018Q4,82,,0,1.17,,,,,,,,,,,,,,,,,,,
2018Q4,85,78,0,1.174,,,,,,,,,,,,,,,,,,,
2018Q4,88,78,0,,,,,,,,,,,,,,,,,,,,
2018Q4,89,75,0,1.17,,,,,,,,,,,,,,,,,,,
2018Q4,93,75,0,1.17,,,,,,,,,,,,,,,,,,,
2018Q4,94,80,0,1.15,,,,,,,,,,,,,,,,,,,
2018Q4,95,80,0,1.15,,,,,,,,,,,,,,,,,,,
2018Q4,96,,0,1.18,,,,,,,,,,,,,,,,,,,
2018Q4,97,,,,,,,,,,,,,,,,,,,,,,
2018Q4,98,78,0,1.15,,,,,,,,,,,,,,,,,,,
2018Q4,99,80,0,1.17,,,,,,,,,,,,,,,,,,,
2018Q4,101,81,0,1.17,,,,,,,,,,,,,,,,,,,
2018Q4,102,,0,,,,,,,,,,,,,,,,,,,,
2018Q4,103,80,0,1.15,,,,,,,,,,,,,,,,,,,
2018Q4,108,74.266881,0,1.1629,,,,,,,,,,,,,,,,,,,
2018Q4,110,73.9,0,1.19,,,,,,,,,,,,,,,,,,,
2018Q4,111,,,,,,,,,,,,,,,,,,,,,,
2018Q4,112,78.3,0,1.1,,,,,,,,,,,,,,,,,,,
2018Q4,114,82.3,0,1.1533,,,,,,,,,,,,,,,,,,,
2018Q4,115,75.7,0,1.2,,,,,,,,,,,,,,,,,,,
2018Q4,116,,0,1.26,,,,,,,,,,,,,,,,,,,
2018Q4,118,,,,,,,,,,,,,,,,,,,,,,
2019,1,,.25,,,,,,,,,,,,,,,,,,,,
2019,2,83,.08,1.15,2.5,,,,,,,,,,,,,,,,,,
2019,4,75.4,.25,1.23,,,,,,,,,,,,,,,,,,,
2019,5,,.2,,,,,,,,,,,,,,,,,,,,
2019,6,78,.1,1.18,2.6,,,,,,,,,,,,,,,,,,
2019,7,72.17,0,1.17,,,,,,,,,,,,,,,,,,,
2019,15,78,,1.17,,,,,,,,,,,,,,,,,,,
2019,16,79,0,1.19,2.3,,,,,,,,,,,,,,,,,,
2019,20,74,.04,1.22,,,,,,,,,,,,,,,,,,,
2019,22,70,,1.3,2.4,,,,,,,,,,,,,,,,,,
2019,23,78,0,1.22,2.4,,,,,,,,,,,,,,,,,,
2019,24,78,.833333333333333,1.25875,2.1666278674,,,,,,,,,,,,,,,,,,
2019,26,85,.125,1.18,,,,,,,,,,,,,,,,,,,
2019,29,80,0,1.15,2.3,,,,,,,,,,,,,,,,,,
2019,30,,,,,,,,,,,,,,,,,,,,,,
2019,32,78.9,.05,1.17,,,,,,,,,,,,,,,,,,,
2019,33,86,.5,1.1494252874,2.6,,,,,,,,,,,,,,,,,,
2019,35,,,,,,,,,,,,,,,,,,,,,,
2019,36,80,.5,1.25,2.5,,,,,,,,,,,,,,,,,,
2019,37,75,.09,1.22,,,,,,,,,,,,,,,,,,,
2019,38,72.5,.0625,1.15,1.2,,,,,,,,,,,,,,,,,,
2019,39,80,.03,1.18,2.2,,,,,,,,,,,,,,,,,,
2019,41,77,.1,1.16,,,,,,,,,,,,,,,,,,,
2019,45,,,,,,,,,,,,,,,,,,,,,,
2019,47,83,.03,1.19,,,,,,,,,,,,,,,,,,,
2019,48,76.25,.15,1.19,,,,,,,,,,,,,,,,,,,
2019,49,,0,,,,,,,,,,,,,,,,,,,,
2019,56,85,.1,1.15,,,,,,,,,,,,,,,,,,,
2019,61,78,0,1.16,,,,,,,,,,,,,,,,,,,
2019,67,,,,,,,,,,,,,,,,,,,,,,
2019,68,81.1,.07,1.15,,,,,,,,,,,,,,,,,,,
2019,80,74.66,.06,1.18,,,,,,,,,,,,,,,,,,,
2019,82,,0,1.1,2.2,,,,,,,,,,,,,,,,,,
2019,85,72.7,.02,1.206,,,,,,,,,,,,,,,,,,,
2019,88,76,.03,,,,,,,,,,,,,,,,,,,,
2019,89,70.8,.02,1.21,,,,,,,,,,,,,,,,,,,
2019,93,70.8,.02,1.24,,,,,,,,,,,,,,,,,,,
2019,94,72.5,.03,1.15,2.2,,,,,,,,,,,,,,,,,,
2019,95,78,.1,1.18,1.24,,,,,,,,,,,,,,,,,,
2019,96,,.02,1.21,,,,,,,,,,,,,,,,,,,
2019,97,,,,,,,,,,,,,,,,,,,,,,
2019,98,75,0,1.13,2.3,,,,,,,,,,,,,,,,,,
2019,99,79,.05,1.2,2.4,,,,,,,,,,,,,,,,,,
2019,101,79.5,.06,1.22,2.2,,,,,,,,,,,,,,,,,,
2019,102,,.1167,,2,,,,,,,,,,,,,,,,,,
2019,103,76,.06,1.16,2.2,,,,,,,,,,,,,,,,,,
2019,108,68.32420024,.3375,1.1629,2.5690675,,,,,,,,,,,,,,,,,,
2019,110,78.3,.25,1.17,,,,,,,,,,,,,,,,,,,
2019,111,,,,,,,,,,,,,,,,,,,,,,
2019,112,65.8,0,1.11,1.8,,,,,,,,,,,,,,,,,,
2019,114,66.6,.08,1.1808,2.5,,,,,,,,,,,,,,,,,,
2019,115,74,0,1.3,,,,,,,,,,,,,,,,,,,
2019,116,,.25,,,,,,,,,,,,,,,,,,,,
2019,118,,,,2.8,,,,,,,,,,,,,,,,,,
2019Q1,1,,0,,,,,,,,,,,,,,,,,,,,
2019Q1,2,84,0,1.15,,,,,,,,,,,,,,,,,,,
2019Q1,4,76.6,0,1.18,,,,,,,,,,,,,,,,,,,
2019Q1,5,,0,,,,,,,,,,,,,,,,,,,,
2019Q1,6,80,0,1.16,,,,,,,,,,,,,,,,,,,
2019Q1,7,73.22,0,1.17,,,,,,,,,,,,,,,,,,,
2019Q1,15,78,,1.17,,,,,,,,,,,,,,,,,,,
2019Q1,16,79,0,1.18,,,,,,,,,,,,,,,,,,,
2019Q1,20,76,0,1.2,,,,,,,,,,,,,,,,,,,
2019Q1,22,70,0,1.15,,,,,,,,,,,,,,,,,,,
2019Q1,23,83,0,1.18,,,,,,,,,,,,,,,,,,,
2019Q1,24,80,0,1.21,,,,,,,,,,,,,,,,,,,
2019Q1,26,85,0,1.18,,,,,,,,,,,,,,,,,,,
2019Q1,29,75,0,1.15,,,,,,,,,,,,,,,,,,,
2019Q1,30,,,,,,,,,,,,,,,,,,,,,,
2019Q1,32,78.3,0,1.17,,,,,,,,,,,,,,,,,,,
2019Q1,33,86,0,1.1494252874,,,,,,,,,,,,,,,,,,,
2019Q1,35,,,,,,,,,,,,,,,,,,,,,,
2019Q1,36,80,0,1.2,,,,,,,,,,,,,,,,,,,
2019Q1,37,85,0,1.18,,,,,,,,,,,,,,,,,,,
2019Q1,38,74,0,1.14,,,,,,,,,,,,,,,,,,,
2019Q1,39,80,0,1.1742,,,,,,,,,,,,,,,,,,,
2019Q1,41,77,0,1.16,,,,,,,,,,,,,,,,,,,
2019Q1,45,,,,,,,,,,,,,,,,,,,,,,
2019Q1,47,79,0,1.17,,,,,,,,,,,,,,,,,,,
2019Q1,48,80,0,1.15,,,,,,,,,,,,,,,,,,,
2019Q1,49,,0,,,,,,,,,,,,,,,,,,,,
2019Q1,56,85,0,1.15,,,,,,,,,,,,,,,,,,,
2019Q1,61,79,0,1.16,,,,,,,,,,,,,,,,,,,
2019Q1,67,,,,,,,,,,,,,,,,,,,,,,
2019Q1,68,83.4,0,1.15,,,,,,,,,,,,,,,,,,,
2019Q1,80,74.65,0,1.17,,,,,,,,,,,,,,,,,,,
2019Q1,82,,0,1.13,,,,,,,,,,,,,,,,,,,
2019Q1,85,77.4,0,1.187,,,,,,,,,,,,,,,,,,,
2019Q1,88,77,0,,,,,,,,,,,,,,,,,,,,
2019Q1,89,72.3,0,1.2,,,,,,,,,,,,,,,,,,,
2019Q1,93,72.3,0,1.2,,,,,,,,,,,,,,,,,,,
2019Q1,94,75,0,1.15,,,,,,,,,,,,,,,,,,,
2019Q1,95,78.7,0,1.17,,,,,,,,,,,,,,,,,,,
2019Q1,96,,0,1.19,,,,,,,,,,,,,,,,,,,
2019Q1,97,,,,,,,,,,,,,,,,,,,,,,
2019Q1,98,75,0,1.13,,,,,,,,,,,,,,,,,,,
2019Q1,99,80,0,1.18,,,,,,,,,,,,,,,,,,,
2019Q1,101,78,0,1.19,,,,,,,,,,,,,,,,,,,
2019Q1,102,,0,,,,,,,,,,,,,,,,,,,,
2019Q1,103,78,0,1.15,,,,,,,,,,,,,,,,,,,
2019Q1,108,72.99905344,0,1.1629,,,,,,,,,,,,,,,,,,,
2019Q1,110,76,0,1.17,,,,,,,,,,,,,,,,,,,
2019Q1,111,,,,,,,,,,,,,,,,,,,,,,
2019Q1,112,75,0,1.06,,,,,,,,,,,,,,,,,,,
2019Q1,114,70.1,0,1.1533,,,,,,,,,,,,,,,,,,,
2019Q1,115,75,0,,,,,,,,,,,,,,,,,,,,
2019Q1,116,,0,1.2697674419,,,,,,,,,,,,,,,,,,,
2019Q1,118,,,,,,,,,,,,,,,,,,,,,,
2019Q2,1,,0,,,,,,,,,,,,,,,,,,,,
2019Q2,2,83,0,1.15,,,,,,,,,,,,,,,,,,,
2019Q2,4,75.9,0,1.19,,,,,,,,,,,,,,,,,,,
2019Q2,5,,0,,,,,,,,,,,,,,,,,,,,
2019Q2,6,80,0,1.16,,,,,,,,,,,,,,,,,,,
2019Q2,7,72.62,0,1.17,,,,,,,,,,,,,,,,,,,
2019Q2,15,78,,1.17,,,,,,,,,,,,,,,,,,,
2019Q2,16,81,0,1.18,,,,,,,,,,,,,,,,,,,
2019Q2,20,73,0,1.21,,,,,,,,,,,,,,,,,,,
2019Q2,22,70,0,1.2,,,,,,,,,,,,,,,,,,,
2019Q2,23,80,0,1.2,,,,,,,,,,,,,,,,,,,
2019Q2,24,78,0,1.25,,,,,,,,,,,,,,,,,,,
2019Q2,26,85,0,1.18,,,,,,,,,,,,,,,,,,,
2019Q2,29,80,0,1.15,,,,,,,,,,,,,,,,,,,
2019Q2,30,,,,,,,,,,,,,,,,,,,,,,
2019Q2,32,78.7,0,1.17,,,,,,,,,,,,,,,,,,,
2019Q2,33,86,0,1.1494252874,,,,,,,,,,,,,,,,,,,
2019Q2,35,,,,,,,,,,,,,,,,,,,,,,
2019Q2,36,80,.25,1.25,,,,,,,,,,,,,,,,,,,
2019Q2,37,85,0,1.19,,,,,,,,,,,,,,,,,,,
2019Q2,38,72,0,1.15,,,,,,,,,,,,,,,,,,,
2019Q2,39,80,0,1.18,,,,,,,,,,,,,,,,,,,
2019Q2,41,77,0,1.16,,,,,,,,,,,,,,,,,,,
2019Q2,45,,,,,,,,,,,,,,,,,,,,,,
2019Q2,47,82,0,1.18,,,,,,,,,,,,,,,,,,,
2019Q2,48,75,0,1.2,,,,,,,,,,,,,,,,,,,
2019Q2,49,,0,,,,,,,,,,,,,,,,,,,,
2019Q2,56,85,0,1.15,,,,,,,,,,,,,,,,,,,
2019Q2,61,78.5,0,1.16,,,,,,,,,,,,,,,,,,,
2019Q2,67,,,,,,,,,,,,,,,,,,,,,,
2019Q2,68,81.8,0,1.15,,,,,,,,,,,,,,,,,,,
2019Q2,80,74.66,0,1.17,,,,,,,,,,,,,,,,,,,
2019Q2,82,,0,1.1,,,,,,,,,,,,,,,,,,,
2019Q2,85,73.5,0,1.198,,,,,,,,,,,,,,,,,,,
2019Q2,88,76,0,,,,,,,,,,,,,,,,,,,,
2019Q2,89,71.3,0,1.21,,,,,,,,,,,,,,,,,,,
2019Q2,93,71.3,0,1.21,,,,,,,,,,,,,,,,,,,
2019Q2,94,75,0,1.15,,,,,,,,,,,,,,,,,,,
2019Q2,95,77.59,0,1.17,,,,,,,,,,,,,,,,,,,
2019Q2,96,,0,1.21,,,,,,,,,,,,,,,,,,,
2019Q2,97,,,,,,,,,,,,,,,,,,,,,,
2019Q2,98,77,0,1.12,,,,,,,,,,,,,,,,,,,
2019Q2,99,78,0,1.2,,,,,,,,,,,,,,,,,,,
2019Q2,101,79,0,1.2,,,,,,,,,,,,,,,,,,,
2019Q2,102,,.05,,,,,,,,,,,,,,,,,,,,
2019Q2,103,76,0,1.16,,,,,,,,,,,,,,,,,,,
2019Q2,108,69.456568,.3,1.1629,,,,,,,,,,,,,,,,,,,
2019Q2,110,78,0,1.17,,,,,,,,,,,,,,,,,,,
2019Q2,111,,,,,,,,,,,,,,,,,,,,,,
2019Q2,112,66.7,0,1.07,,,,,,,,,,,,,,,,,,,
2019Q2,114,66.6,0,1.1733,,,,,,,,,,,,,,,,,,,
2019Q2,115,75,0,,,,,,,,,,,,,,,,,,,,
2019Q2,116,,0,1.2796875,,,,,,,,,,,,,,,,,,,
2019Q2,118,,,,,,,,,,,,,,,,,,,,,,
2019Q3,1,,0,,,,,,,,,,,,,,,,,,,,
2019Q3,2,82,0,1.15,,,,,,,,,,,,,,,,,,,
2019Q3,4,75,0,1.21,,,,,,,,,,,,,,,,,,,
2019Q3,5,,.1,,,,,,,,,,,,,,,,,,,,
2019Q3,6,75,0,1.2,,,,,,,,,,,,,,,,,,,
2019Q3,7,71.85,0,1.17,,,,,,,,,,,,,,,,,,,
2019Q3,15,78,,1.17,,,,,,,,,,,,,,,,,,,
2019Q3,16,80,0,1.19,,,,,,,,,,,,,,,,,,,
2019Q3,20,74,0,1.22,,,,,,,,,,,,,,,,,,,
2019Q3,22,70,0,1.25,,,,,,,,,,,,,,,,,,,
2019Q3,23,75,0,1.23,,,,,,,,,,,,,,,,,,,
2019Q3,24,78,.833333333333333,1.275,,,,,,,,,,,,,,,,,,,
2019Q3,26,85,.25,1.18,,,,,,,,,,,,,,,,,,,
2019Q3,29,80,0,1.15,,,,,,,,,,,,,,,,,,,
2019Q3,30,,,,,,,,,,,,,,,,,,,,,,
2019Q3,32,79.1,0,1.17,,,,,,,,,,,,,,,,,,,
2019Q3,33,86,.25,1.1494252874,,,,,,,,,,,,,,,,,,,
2019Q3,35,,,,,,,,,,,,,,,,,,,,,,
2019Q3,36,80,.5,1.25,,,,,,,,,,,,,,,,,,,
2019Q3,37,87,.06,1.22,,,,,,,,,,,,,,,,,,,
2019Q3,38,73,0,1.16,,,,,,,,,,,,,,,,,,,
2019Q3,39,80,0,1.1808,,,,,,,,,,,,,,,,,,,
2019Q3,41,77,0,1.16,,,,,,,,,,,,,,,,,,,
2019Q3,45,,,,,,,,,,,,,,,,,,,,,,
2019Q3,47,82,.03,1.2,,,,,,,,,,,,,,,,,,,
2019Q3,48,75,.25,1.2,,,,,,,,,,,,,,,,,,,
2019Q3,49,,0,,,,,,,,,,,,,,,,,,,,
2019Q3,56,85,0,1.15,,,,,,,,,,,,,,,,,,,
2019Q3,61,78,0,1.16,,,,,,,,,,,,,,,,,,,
2019Q3,67,,,,,,,,,,,,,,,,,,,,,,
2019Q3,68,80.1,.05,1.16,,,,,,,,,,,,,,,,,,,
2019Q3,80,74.66,0,1.18,,,,,,,,,,,,,,,,,,,
2019Q3,82,,0,1.1,,,,,,,,,,,,,,,,,,,
2019Q3,85,71.6,0,1.212,,,,,,,,,,,,,,,,,,,
2019Q3,88,76,0,,,,,,,,,,,,,,,,,,,,
2019Q3,89,70.3,0,1.21,,,,,,,,,,,,,,,,,,,
2019Q3,93,70.3,0,1.22,,,,,,,,,,,,,,,,,,,
2019Q3,94,70,0,1.15,,,,,,,,,,,,,,,,,,,
2019Q3,95,76.41,.15,1.18,,,,,,,,,,,,,,,,,,,
2019Q3,96,,0,1.225,,,,,,,,,,,,,,,,,,,
2019Q3,97,,,,,,,,,,,,,,,,,,,,,,
2019Q3,98,74,0,1.13,,,,,,,,,,,,,,,,,,,
2019Q3,99,78,0,1.21,,,,,,,,,,,,,,,,,,,
2019Q3,101,80,.02,1.23,,,,,,,,,,,,,,,,,,,
2019Q3,102,,.25,,,,,,,,,,,,,,,,,,,,
2019Q3,103,74,0,1.17,,,,,,,,,,,,,,,,,,,
2019Q3,108,66.25674363,.3,1.1629,,,,,,,,,,,,,,,,,,,
2019Q3,110,73.8,.25,1.17,,,,,,,,,,,,,,,,,,,
2019Q3,111,,,,,,,,,,,,,,,,,,,,,,
2019Q3,112,63,0,1.16,,,,,,,,,,,,,,,,,,,
2019Q3,114,66.2,.08,1.1967,,,,,,,,,,,,,,,,,,,
2019Q3,115,73,0,,,,,,,,,,,,,,,,,,,,
2019Q3,116,,0,1.3,,,,,,,,,,,,,,,,,,,
2019Q3,118,,,,,,,,,,,,,,,,,,,,,,
2020,1,,.5,,,,,,,,,,,,,,,,,,,,
2020,2,78,.6,1.15,2.7,,,,,,,,,,,,,,,,,,
2020,4,72,1,1.28,,,,,,,,,,,,,,,,,,,
2020,5,,.5,,,,,,,,,,,,,,,,,,,,
2020,6,75,.5,1.2,2.7,,,,,,,,,,,,,,,,,,
2020,7,,,,,,,,,,,,,,,,,,,,,,
2020,15,78,,1.17,,,,,,,,,,,,,,,,,,,
2020,16,76,.5,1.2,2.3,,,,,,,,,,,,,,,,,,
2020,20,75,.2,1.25,,,,,,,,,,,,,,,,,,,
2020,22,70,.75,1.3,2.6,,,,,,,,,,,,,,,,,,
2020,23,75,.1,1.26,2.5,,,,,,,,,,,,,,,,,,
2020,24,72,.541666666666667,1.365,2.4,,,,,,,,,,,,,,,,,,
2020,26,85,1.125,1.18,,,,,,,,,,,,,,,,,,,
2020,29,80,0,1.15,2.3,,,,,,,,,,,,,,,,,,
2020,30,,,,,,,,,,,,,,,,,,,,,,
2020,32,80.4,.25,1.17,,,,,,,,,,,,,,,,,,,
2020,33,86,1,1.1494252874,2.6,,,,,,,,,,,,,,,,,,
2020,35,,,,,,,,,,,,,,,,,,,,,,
2020,36,80,1,1.25,2,,,,,,,,,,,,,,,,,,
2020,37,85,.87,1.25,,,,,,,,,,,,,,,,,,,
2020,38,71.5,.6875,1.2,1.1,,,,,,,,,,,,,,,,,,
2020,39,80,.5,1.23,2.3,,,,,,,,,,,,,,,,,,
2020,41,77,.5,1.16,,,,,,,,,,,,,,,,,,,
2020,45,,,,,,,,,,,,,,,,,,,,,,
2020,47,86,.625,1.26,,,,,,,,,,,,,,,,,,,
2020,48,75,.96,1.26,,,,,,,,,,,,,,,,,,,
2020,49,,.05,,,,,,,,,,,,,,,,,,,,
2020,56,85,.3,1.15,,,,,,,,,,,,,,,,,,,
2020,61,,,,,,,,,,,,,,,,,,,,,,
2020,67,,,,,,,,,,,,,,,,,,,,,,
2020,68,,.4,1.16,,,,,,,,,,,,,,,,,,,
2020,80,75.6,.55,1.21,,,,,,,,,,,,,,,,,,,
2020,82,,0,1.1,2.3,,,,,,,,,,,,,,,,,,
2020,85,64.85,.42,1.26,,,,,,,,,,,,,,,,,,,
2020,88,75,.21,,,,,,,,,,,,,,,,,,,,
2020,89,66,.42,1.24,,,,,,,,,,,,,,,,,,,
2020,93,66,.42,1.24,,,,,,,,,,,,,,,,,,,
2020,94,65,.28,1.15,2,,,,,,,,,,,,,,,,,,
2020,95,80,.25,1.2,1.3,,,,,,,,,,,,,,,,,,
2020,96,,.48,,,,,,,,,,,,,,,,,,,,
2020,97,,,,,,,,,,,,,,,,,,,,,,
2020,98,75,.25,1.17,2.4,,,,,,,,,,,,,,,,,,
2020,99,77,.5,1.22,2.5,,,,,,,,,,,,,,,,,,
2020,101,85,.5,1.28,2.3,,,,,,,,,,,,,,,,,,
2020,102,,.1375,,1.9,,,,,,,,,,,,,,,,,,
2020,103,,.25,,,,,,,,,,,,,,,,,,,,
2020,108,66.151490665,.9375,1.1629,2.3771175,,,,,,,,,,,,,,,,,,
2020,110,79.9,.75,1.17,,,,,,,,,,,,,,,,,,,
2020,111,,,,,,,,,,,,,,,,,,,,,,
2020,112,60,0,1.2,1.6,,,,,,,,,,,,,,,,,,
2020,114,49.5,.15,1.2367,2.6,,,,,,,,,,,,,,,,,,
2020,115,72,,,,,,,,,,,,,,,,,,,,,
2020,116,,,,,,,,,,,,,,,,,,,,,,
2020,118,,,,3.1,,,,,,,,,,,,,,,,,,
2023,1,,,,,,,,,,,,,,,,,,,,,,
2023,2,,,,2.5,,,,,,,,,,,,,,,,,,
2023,4,,,,,,,,,,,,,,,,,,,,,,
2023,5,,,,,,,,,,,,,,,,,,,,,,
2023,6,,,,2.2,,,,,,,,,,,,,,,,,,
2023,7,,,,,,,,,,,,,,,,,,,,,,
2023,15,,,,,,,,,,,,,,,,,,,,,,
2023,16,,,,2.1,,,,,,,,,,,,,,,,,,
2023,20,,,,,,,,,,,,,,,,,,,,,,
2023,22,,,,2.7,,,,,,,,,,,,,,,,,,
2023,23,,,,2.5,,,,,,,,,,,,,,,,,,
2023,24,,,,2.5,,,,,,,,,,,,,,,,,,
2023,26,,,,,,,,,,,,,,,,,,,,,,
2023,29,,,,2.5,,,,,,,,,,,,,,,,,,
2023,30,,,,,,,,,,,,,,,,,,,,,,
2023,32,,,,,,,,,,,,,,,,,,,,,,
2023,33,,,,2.3,,,,,,,,,,,,,,,,,,
2023,35,,,,,,,,,,,,,,,,,,,,,,
2023,36,,,,3,,,,,,,,,,,,,,,,,,
2023,37,,,,,,,,,,,,,,,,,,,,,,
2023,38,,,,,,,,,,,,,,,,,,,,,,
2023,39,,,,2.1,,,,,,,,,,,,,,,,,,
2023,41,,,,,,,,,,,,,,,,,,,,,,
2023,45,,,,,,,,,,,,,,,,,,,,,,
2023,47,,,,,,,,,,,,,,,,,,,,,,
2023,48,,,,,,,,,,,,,,,,,,,,,,
2023,49,,,,,,,,,,,,,,,,,,,,,,
2023,56,,,,,,,,,,,,,,,,,,,,,,
2023,61,,,,,,,,,,,,,,,,,,,,,,
2023,67,,,,,,,,,,,,,,,,,,,,,,
2023,68,,,,,,,,,,,,,,,,,,,,,,
2023,80,,,,,,,,,,,,,,,,,,,,,,
2023,82,,,,,,,,,,,,,,,,,,,,,,
2023,85,,,,,,,,,,,,,,,,,,,,,,
2023,88,,,,,,,,,,,,,,,,,,,,,,
2023,89,,,,,,,,,,,,,,,,,,,,,,
2023,93,,,,,,,,,,,,,,,,,,,,,,
2023,94,,,,2,,,,,,,,,,,,,,,,,,
2023,95,,,,1.4,,,,,,,,,,,,,,,,,,
2023,96,,,,,,,,,,,,,,,,,,,,,,
2023,97,,,,,,,,,,,,,,,,,,,,,,
2023,98,,,,2.5,,,,,,,,,,,,,,,,,,
2023,99,,,,2.3,,,,,,,,,,,,,,,,,,
2023,101,,,,2,,,,,,,,,,,,,,,,,,
2023,102,,,,,,,,,,,,,,,,,,,,,,
2023,103,,,,,,,,,,,,,,,,,,,,,,
2023,108,,,,2.59646,,,,,,,,,,,,,,,,,,
2023,110,,,,,,,,,,,,,,,,,,,,,,
2023,111,,,,,,,,,,,,,,,,,,,,,,
2023,112,,,,1.5,,,,,,,,,,,,,,,,,,
2023,114,,,,2.7,,,,,,,,,,,,,,,,,,
2023,115,,,,,,,,,,,,,,,,,,,,,,
2023,116,,,,,,,,,,,,,,,,,,,,,,
2023,118,,,,3.2,,,,,,,,,,,,,,,,,,
